edge_id,pass_elev_m,basins_a,basins_b,n_basins_joined,name,cls,length_m,max_abs_grade,elev_min,elev_max,side_a,side_b,neighborhood,pass_elev_ft
24054,17.58466911315918,7,6,2,Williams Avenue,residential,62.8709784123608,0.00034824434369153204,17.56279754638672,17.58466911315918,Bayview / Visitacion Valley,Bayview,Bayview,57.69248581321716
1487,20.26575469970703,1,2,2,Lake Merced Bike Path,cycleway,965.6969647081121,0.0307859458022056,12.842513084411621,20.26575469970703,Lakeshore,Lakeshore,Lakeshore,66.48869864898681
23088,20.859615325927734,"6,7",4,3,Blanken Avenue,tertiary,61.456000266476806,0.07982779976679537,18.323640823364258,20.859615325927734,Bayview + Bayview / Visitacion Valley,Visitacion Valley,Visitacion Valley,68.43706034591675
22588,23.310623168945312,3,5,2,,footway,12.404796928810125,0.0032972068995023055,23.269723892211914,23.310623168945312,Bernal Heights / Excelsior,South of Market / Bayview / Financial District,Bayview,76.47842491760254
1087,23.634462356567383,0,"1,2",3,,primary,41.459235492997706,0.04942993802522052,22.8143367767334,23.634462356567383,Outer Sunset / Parkside / Golden Gate Park,Lakeshore + Lakeshore,Lakeshore,77.54088947792053
22755,23.675138473510742,"3,5","4,6,7",5,Bayshore Boulevard,primary,87.23636688625933,0.015237643962243953,22.768184661865234,23.675138473510742,Bernal Heights / Excelsior + South of Market / Bayview / Financial District,Visitacion Valley + Bayview + Bayview / Visitacion Valley,Bayview,77.67434130943299
69484,24.648279190063477,9,"3,4,5,6,7",6,McDowell Road Southwest,cycleway,56.51372276555837,0.05664442664234493,23.840007781982422,24.648279190063477,Marina / Presidio,Bernal Heights / Excelsior + Visitacion Valley + South of Market / Bayview / Financial District + Bayview + Bayview / Visitacion Valley,Marina,80.86706029792785
34362,56.5627555847168,8,"0,1,2",4,24th Avenue,residential,9.10218411316476,0.03526700454259135,56.257171630859375,56.5627555847168,Presidio / Seacliff,Outer Sunset / Parkside / Golden Gate Park + Lakeshore + Lakeshore,Outer Richmond,185.57335103256224
43479,77.69962310791016,"0,1,2,8","3,4,5,6,7,9",10,,service,42.1931561056519,0.046372363405866604,76.8048324584961,77.69962310791016,Outer Sunset / Parkside / Golden Gate Park + Lakeshore + Lakeshore + Presidio / Seacliff,Bernal Heights / Excelsior + Visitacion Valley + South of Market / Bayview / Financial District + Bayview + Bayview / Visitacion Valley + Marina / Presidio,Golden Gate Park,254.92003147735596
