corridor_id,corridor_name,street_names,n_edges,length_m,length_km,mean_score,total_score,pair_count_max,neighborhood_span,climb_saved_m,mean_abs_grade,max_grade,elev_min_m,elev_max_m,elev_range_m,gain_per_km,low_stress_share,mode,n_pieces,neighborhoods,end_a_lon,end_a_lat,end_b_lon,end_b_lat,corridor_uid
0,Edgewood Avenue Northeast - Peachtree Center Avenue Northeast - Decatur Street Southeast - Atlanta Beltline Southeast Trail,Alabama Street Southwest; Atlanta Beltline Eastside Trail; Atlanta Beltline Southeast Trail; Decatur Street Southeast; Edgewood Avenue Northeast; Krog Street Northeast; Marietta Street; Peachtree Center Avenue Northeast; Peachtree Street Southwest; Pryor Street; Pryor Street Southwest; Shirley Clarke Franklin Boulevard Southwest,138,4775.0659001811,4.7750659001811,48.95349094292933,6755.581750124247,277,36,4031.590479591223,0.018489517767097893,0.06286283866535805,298.2603454589844,321.0942077636719,22.8338623046875,8.723017753024285,0.20535038853406495,walk,1,Cabbagetown; Downtown; Inman Park; Old Fourth Ward; Reynoldstown; Sweet Auburn,-84.392982,33.751013,-84.3574,33.756165,walk-0
1,Peachtree Street Northeast,Peachtree Street; Peachtree Street Northeast,111,3425.9974085985723,3.4259974085985725,43.44193327166509,4782.767013134598,182,34,2587.037756414452,0.01635324755836314,0.04264648436683137,272.1979675292969,312.2598876953125,40.061920166015625,11.089700779532672,0.0,walk,4,Brookwood; Brookwood Hills; Downtown; Midtown,-84.385145,33.769878,-84.39284,33.802335,walk-1
2,Campbellton Road Southwest - Lee Street Southwest - Oakland Drive Southwest,Campbellton Road Southwest; Lee Street Southwest; Oakland Drive Southwest,70,4213.480508699028,4.213480508699028,51.83618166999936,3628.532716899955,224,36,2201.8354938265093,0.019553090721048567,0.0525570035609747,288.31488037109375,318.2342529296875,29.91937255859375,10.054420600058712,0.05127991631129057,walk,1,Fort McPherson; Oakland City; Venetian Hills,-84.45339,33.708028,-84.418293,33.726554,walk-2
3,Fairburn Road Southwest,Fairburn Road Southwest; Landings North Drive,71,6743.96226008713,6.743962260087129,50.59965464426841,3577.7634756187285,132,36,2799.599264959141,0.014276256303237315,0.07804981923343704,266.28045654296875,299.78912353515625,33.5086669921875,11.205561706825137,0.018665427254327495,walk,3,Ben Hill; Ben Hill Acres; Briar Glen; Cascade Green; Deerwood; Fairburn Tell; Heritage Valley; Kings Forest; Mt. Gilead Woods; Old Fairburn Village; Princeton Lakes,-84.507978,33.72024,-84.520793,33.665642,walk-3
4,Cascade Road,Cascade Road,61,3941.108314988699,3.941108314988699,53.05751004855489,3236.5081129618484,216,36,1991.3334009198777,0.027163483295062296,0.05685702236972423,247.66903686523438,312.3057556152344,64.63671875,8.312230163650408,0.0,walk,1,Adams Park; Audobon Forest; Cascade Heights; Horseshoe Community; Magnum Manor,-84.50314,33.722972,-84.463573,33.722369,walk-4
5,Peachtree Road Northeast,Fairhaven Circle Northeast; Peachtree Road Northeast,72,2200.900535703364,2.2009005357033637,43.96073420398765,3122.7595207532318,185,35,1662.2271301474523,0.024029276357246915,0.05311303843931796,247.07655334472656,284.4642639160156,37.38771057128906,2.9319621894035643,0.16404289182080803,walk,3,Brookwood Hills; Peachtree Heights East; Peachtree Heights West; Peachtree Hills,-84.393879,33.806823,-84.387461,33.826626,walk-5
6,Howell Mill Road Northwest - Huff Road Northwest,Howell Mill Road Northwest; Huff Road Northwest,68,2793.9066199744825,2.7939066199744826,44.90705999263948,3053.6800794994847,185,34,2095.542454646701,0.016111504290478147,0.05467126479001706,287.06536865234375,306.39630126953125,19.3309326171875,4.784287245349205,0.39143610183718175,walk,1,Berkeley Park; Blandtown; Marietta Street Artery; Underwood Hills,-84.415987,33.800245,-84.410268,33.779713,walk-6
7,Peters Street Southwest - West Whitehall Street Southwest - Minor Street,Minor Street; Peters Street Southwest; West Whitehall Street Southwest,48,2380.043599923978,2.380043599923978,50.356713560101184,2417.122250884857,285,36,1984.8362374845535,0.01123868718559173,0.04405541174370812,315.822265625,324.6641845703125,8.8419189453125,7.115684111112638,0.1948951083928291,walk,1,Adair Park; Atlanta University Center; Castleberry Hill; Mechanicsville; Pittsburgh; The Villages at Castleberry Hill; West End,-84.412844,33.73823,-84.397264,33.750537,walk-7
8,DeKalb Avenue Northeast,Arizona Avenue Northeast; DeKalb Avenue Northeast; Howard Street Northeast; Rogers Street Northeast; X'avier Arnold Trail,48,3058.072359228297,3.058072359228297,48.03947815812741,2313.3408930451524,119,33,1698.5790209313263,0.013414104330948928,0.06381180220139988,307.7171630859375,319.57012939453125,11.85296630859375,7.179384771176688,0.2678898962020646,walk,2,Candler Park; Edgewood; Kirkwood; Lake Claire,-84.348611,33.760371,-84.323169,33.755344,walk-8
9,Marietta Street Northwest - Marietta Street - Centennial Olympic Park Drive Northwest,Centennial Olympic Park Drive Northwest; Marietta Street; Marietta Street Northwest,44,1672.9168332202312,1.672916833220231,47.90802541040766,2107.953118057937,199,33,1515.0886141595663,0.015704528173350392,0.051479399456034344,302.3168640136719,318.985107421875,16.668243408203125,1.5393627339627047,0.0,walk,1,Downtown,-84.394613,33.75709,-84.399579,33.770498,walk-9
10,Murphy Avenue Southwest - Whitehall Street Southwest,Murphy Avenue Southwest; Whitehall Street Southwest,37,3094.1318806178906,3.0941318806178906,52.8727048335411,1956.2900788410207,247,35,1405.1107960562567,0.01578099858277026,0.06650094424734573,309.4019470214844,327.74847412109375,18.346527099609375,7.076797710957156,0.0,walk,1,Adair Park; Capitol View; Oakland City,-84.40937,33.74186,-84.424264,33.718299,walk-10
11,Forrest Park Road Southeast - Jonesboro Road Southeast - South River Industrial Boulevard Southeast - Hargis Street Southeast,Eisenhower Circle Southeast; Forrest Park Road Southeast; Hargis Street Southeast; Hutchens Road Southeast; Jonesboro Road Southeast; Pine Forest Drive Southeast; South River Industrial Boulevard Southeast,37,5307.782504038136,5.307782504038136,50.36161333389728,1723.16877560266,70,36,1463.189789974137,0.02303859949051852,0.07640896515278685,242.8663330078125,289.4344177246094,46.568084716796875,17.580941021270622,0.12636682519481218,walk,3,Browns Mill Park; Lakewood; Leila Valley; Rebel Valley Forest; South River Gardens,-84.366445,33.692769,-84.357948,33.659512,walk-11
12,Peachtree Road - Peachtree Road Northeast,Peachtree Road; Peachtree Road Northeast,36,1122.3325910690378,1.1223325910690378,46.93873632197944,1689.7945075912598,156,35,916.4644996562693,0.018537659798453975,0.036614855999642766,277.67181396484375,298.47723388671875,20.805419921875,0.0,0.0,walk,1,Garden Hills; Peachtree Heights East; Peachtree Heights West,-84.382034,33.835727,-84.387459,33.827138,walk-12
13,Jonesboro Road Southeast - McDonough Boulevard Southeast,Jonesboro Road Southeast; McDonough Boulevard Southeast,33,1713.6733137980286,1.7136733137980287,46.75013555785669,1547.5939268571278,122,36,941.0215446843092,0.007578136451027579,0.04049715441814288,307.5489196777344,312.7767028808594,5.227783203125,4.216591655785542,0.0,walk,2,Lakewood Heights; Peoplestown; South Atlanta,-84.388235,33.721682,-84.380423,33.707799,walk-13
14,Sandtown Road Southwest - Cascade Road,Cascade Road; Sandtown Road Southwest,22,2330.3651742579286,2.3303651742579286,63.17442333630289,1389.8373133986636,204,34,956.8551220286935,0.007982527141589566,0.029063919955449297,309.9026184082031,316.7851257324219,6.88250732421875,4.1598631627455305,0.7451072717278157,walk,1,Adams Park; Cascade Avenue/Road; Venetian Hills,-84.440186,33.714601,-84.462775,33.722547,walk-14
15,Greenbriar Parkway Southwest - Campbellton Road Southwest - Mount Gilead Road Southwest,Campbellton Road Southwest; Greenbriar Parkway Southwest; Mount Gilead Road Southwest,27,2151.46252283333,2.15146252283333,45.63022092010034,1225.5367086470799,159,36,748.1322779467566,0.021457373131375558,0.052872509998995544,268.4569091796875,293.3305358886719,24.873626708984375,6.282432677112611,0.0,walk,2,Greenbriar; Southwest,-84.490026,33.693028,-84.506362,33.682871,walk-15
16,Marietta Street Northwest - Howell Mill Road Northwest,Howell Mill Road Northwest; Marietta Street Northwest,25,747.9255868948985,0.7479255868948985,45.578717717122906,1139.4679429280727,203,34,653.6637501896978,0.010926053395838766,0.04363774256357153,299.7951965332031,307.6112365722656,7.8160400390625,0.49877538826923706,0.0,walk,1,Marietta Street Artery,-84.405433,33.773952,-84.410107,33.779377,walk-16
17,Campbellton Road Southwest,Campbellton Road Southwest,26,1087.04362784706,1.0870436278470599,43.55625331674848,1132.4710741507429,159,36,553.656777011648,0.021725902964006307,0.0536617701073899,278.8636474609375,298.51593017578125,19.65228271484375,19.34256736434099,0.0,walk,2,Baker Hills at Campbellton; Southwest,-84.474407,33.702679,-84.484703,33.697145,walk-17
18,Martin Luther King Junior Drive Southwest,Martin Luther King Junior Drive Southwest,24,1342.8768650556065,1.3428768650556064,46.1505310128401,1107.6127443081623,88,36,696.0644381411387,0.013204142000318145,0.030190857388781134,274.11492919921875,290.2813720703125,16.16644287109375,1.6430325357999311,0.0,walk,1,Harland Terrace,-84.474635,33.753989,-84.487965,33.75153,walk-18
19,Defoor Avenue Northwest,Defoor Avenue Northwest,23,1182.12736771725,1.1821273677172501,44.88915482268441,1032.4505609217415,99,36,618.5521390620463,0.019273904867273234,0.06154872286560387,277.7996826171875,291.3999938964844,13.600311279296875,8.440970300198488,0.062380717145004975,walk,1,Underwood Hills,-84.425002,33.807665,-84.417144,33.800532,walk-19
20,New Hope Road Southwest - Heatherland Drive Southwest - Niskey Lake Road Southwest - Danforth Road Southwest,Danforth Road Southwest; Heatherland Drive Southwest; New Hope Road Southwest; Niskey Lake Road Southwest,14,1986.5627106087554,1.9865627106087553,65.90253402786261,922.6354763900766,70,36,925.354821611923,0.022112832303992445,0.08796894415683325,264.0818786621094,292.3662109375,28.284332275390625,17.165668774576304,0.0,walk,1,Midwest Cascade; Niskey Lake,-84.537095,33.726965,-84.534706,33.713184,walk-20
21,Hamilton E Holmes Drive Northwest - Oldknow Drive Northwest - Rockwood Avenue Northwest,Hamilton E Holmes Drive Northwest; Oldknow Drive Northwest; Rockwood Avenue Northwest,20,1609.8336842460833,1.6098336842460832,44.23481914598772,884.6963829197545,78,36,646.1547551012255,0.010949170123765626,0.05649537380512959,289.7507019042969,299.6297912597656,9.87908935546875,6.693158387487686,0.1873931704208876,walk,1,Center Hill; Collier Heights,-84.4729,33.774901,-84.47003,33.763853,walk-21
22,Marietta Street - Forsyth Street Northwest - Marietta Street Northwest - Forsyth Street Southwest,Forsyth Street Northwest; Forsyth Street Southwest; Marietta Street; Marietta Street Northwest,24,884.9516636534197,0.8849516636534197,35.28688263327518,846.8851831986043,170,32,491.0686056670768,0.015017434112518187,0.04576896781054145,317.547119140625,323.5291748046875,5.9820556640625,9.663737884465982,0.0,walk,1,Downtown,-84.393391,33.752879,-84.393163,33.757525,walk-22
23,Stone Mountain Trail,Stone Mountain Trail,14,2158.1964616922724,2.158196461692272,53.64423844123027,750.8959091849825,101,27,820.0579771418736,0.00917856352657831,0.025312891994782268,305.3144836425781,319.6408996582031,14.326416015625,5.0638448198023855,1.0,walk,2,Inman Park; Old Fourth Ward,-84.371952,33.760034,-84.352603,33.76891,walk-23
24,Campbellton Road,Campbellton Road,16,1373.0127620426358,1.3730127620426358,46.828363231210304,749.2538116993649,70,36,648.0612131351375,0.019689923063017065,0.03642197807633097,292.4120178222656,307.9335632324219,15.52154541015625,11.717885366490242,0.0,walk,1,Ben Hill Terrace; Elmco Estates; Fairburn,-84.51974,33.693864,-84.534154,33.696121,walk-24
25,Martin Luther King Junior Drive Southwest,Martin Luther King Junior Drive Southwest,14,1166.5593634076204,1.1665593634076203,47.30839833731725,662.2992667697009,75,28,486.9416740661366,0.022414850746601676,0.04025136759968356,300.7370910644531,320.0247497558594,19.28765869140625,9.957929684219762,0.0,walk,2,Florida Heights,-84.465383,33.751923,-84.44828,33.750364,walk-25
26,DeKalb Avenue - DeKalb Avenue Northeast,DeKalb Avenue; DeKalb Avenue Northeast,12,858.0537840589918,0.8580537840589918,55.16555029066754,661.9866034880105,113,31,444.2469619870912,0.004036603670602587,0.011233829271848123,312.7323303222656,314.6437683105469,1.91143798828125,1.3303122874043785,0.0,walk,1,Inman Park; Reynoldstown,-84.356647,33.755059,-84.349534,33.759957,walk-26
27,Peachtree Road Northeast - Peachtree Road,Peachtree Road; Peachtree Road Northeast,15,560.7133939342932,0.5607133939342932,43.14064747576205,647.1097121364307,156,35,344.78009643975565,0.016391145491263682,0.030857704465541466,299.3704833984375,308.56121826171875,9.19073486328125,8.732706340041608,0.0,walk,1,Buckhead Village; Garden Hills; Peachtree Heights West; South Tuxedo Park,-84.381886,33.836046,-84.378715,33.840163,walk-27
28,West Marietta Street Northwest,West Marietta Street Northwest,12,1220.5034840995772,1.2205034840995772,53.0874716271664,621.4202769742479,92,32,565.7446743703135,0.012264480961441095,0.04161467379032737,286.8355712890625,297.726318359375,10.8907470703125,3.751938613898309,0.0,walk,2,Knight Park/Howell Station; Rockdale,-84.436514,33.788362,-84.423299,33.7854,walk-28
29,County Line Road Southwest,County Line Road Southwest; Niskey Lake Road Southwest,10,1565.8613202012805,1.5658613202012805,61.087462833367155,615.3077761173365,70,36,739.0856187391493,0.019850461007055144,0.06301399971915086,284.7648620605469,302.1766052246094,17.4117431640625,12.413159534750239,0.0,walk,2,Niskey Lake; Regency Trace,-84.535356,33.696567,-84.534904,33.711047,walk-29
30,Cottage Grove Avenue Southeast - Memorial Drive Southeast,Cottage Grove Avenue Southeast; Memorial Drive Southeast,14,852.7364351829954,0.8527364351829954,43.64997773359736,611.099688270363,70,36,484.7398960828062,0.016216999906654084,0.059052575717857075,301.00653076171875,306.7412414550781,5.734710693359375,12.158732935872656,0.903127424048033,walk,1,East Lake; Kirkwood,-84.313681,33.749982,-84.305223,33.747227,walk-30
31,Donald Lee Hollowell Parkway Northwest,Donald Lee Hollowell Parkway Northwest,15,418.9312474167378,0.4189312474167378,39.058871491678104,585.8830723751715,135,32,320.86681611869096,0.011018580771027709,0.024675946518981393,295.7447509765625,299.9212341308594,4.176483154296875,1.0553967377734808,0.0,walk,1,English Avenue,-84.410861,33.77308,-84.415382,33.773049,walk-31
32,Cascade Avenue Southwest,Cascade Avenue Southwest,15,1349.356868525116,1.349356868525116,39.004412419644474,585.0661862946671,81,26,416.55833689941807,0.026111751157018664,0.05398829339404392,279.7600402832031,309.7978210449219,30.03778076171875,22.260812882325833,0.0,walk,1,Adams Park; Cascade Avenue/Road; Venetian Hills,-84.442254,33.728559,-84.453807,33.721246,walk-32
33,Atlanta Beltline Southside Trail - Beltline Access Line,Atlanta Beltline Southside Trail; Beltline Access Line,12,2720.1751895286993,2.720175189528699,48.373264358143764,580.4791722977252,98,17,988.8891719784502,0.011094926859999885,0.06797151522065348,296.44464111328125,311.3516540527344,14.907012939453125,7.245775164740838,1.0,walk,1,Adair Park; Capitol View; Capitol View Manor; Chosewood Park; High Point; Pittsburgh; South Atlanta,-84.412693,33.721799,-84.384987,33.723238,walk-33
34,Donald Lee Hollowell Parkway Northwest,Donald Lee Hollowell Parkway Northwest,10,876.6256694651661,0.8766256694651661,56.04248593732378,560.4248593732378,101,35,489.63576347616015,0.026097718060040877,0.05226910062946234,257.2459411621094,274.0557556152344,16.809814453125,22.42631666863646,0.8275369341278233,walk,1,Grove Park,-84.441898,33.772669,-84.434423,33.771282,walk-34
35,Jonesboro Road Southeast,Jonesboro Road Southeast,10,1362.5775119570797,1.3625775119570795,51.09944477156445,510.9944477156445,70,36,459.91547607676745,0.0247414388560014,0.05603923614907028,267.62744140625,301.3395690917969,33.712127685546875,0.0,0.0,walk,1,Lakewood; Lakewood Heights; Norwood Manor,-84.376578,33.703083,-84.367285,33.693733,walk-35
36,West Whitehall Street Southwest,West Whitehall Street Southwest,11,1093.0492143634183,1.0930492143634183,46.2095987189844,508.3055859088284,176,30,345.70365984741795,0.007831747917597784,0.049563435285687046,319.7290344238281,324.6597595214844,4.93072509765625,6.432330016886823,0.4314245216733479,walk,1,Adair Park; West End,-84.412854,33.737628,-84.413669,33.732215,walk-36
37,Piedmont Road Northeast,Piedmont Road Northeast,14,505.519148657957,0.505519148657957,35.93236884519149,503.05316383268087,109,36,239.3344988440138,0.01848293044782612,0.030108253980397553,301.90753173828125,310.27996826171875,8.3724365234375,1.9208744533956252,0.12984757040650952,walk,1,Buckhead Forest; North Buckhead,-84.373311,33.847556,-84.372079,33.843494,walk-37
38,Atlanta Beltline Southside Trail,Atlanta Beltline Southside Trail,8,2811.293279828653,2.8112932798286527,60.139835536874585,480.88716407316747,73,21,974.7356871468337,0.006189906317889408,0.04469308939247891,284.78131103515625,298.31414794921875,13.5328369140625,3.983555957021832,0.9999999999999999,walk,2,Boulevard Heights; Chosewood Park; Grant Park; Ormewood Park,-84.378304,33.72433,-84.358228,33.739708,walk-38
39,unnamed corridor,,12,1175.5421997479975,1.1755421997479976,37.187950131127316,446.25540157352776,54,26,367.43141921572436,0.024333565478702367,0.04924443844013199,260.82818603515625,289.4333190917969,28.605133056640625,0.0,1.0,walk,1,Center Hill,-84.471228,33.77518,-84.459047,33.776661,walk-39
40,Oakview Road Southeast,Oakview Road Southeast,7,754.5368371650776,0.7545368371650776,62.41591060288817,436.91137422021717,70,36,452.9360566715267,0.015418369834642353,0.06971004608802292,298.2552185058594,311.5248107910156,13.26959228515625,13.813899056653526,1.0,walk,1,Kirkwood,-84.321745,33.750672,-84.314218,33.750065,walk-40
41,Campbellton Road Southwest - Campbellton Road,Campbellton Road; Campbellton Road Southwest,11,557.6507802813459,0.5576507802813458,39.45780688328725,434.0358757161597,70,36,263.2108390873521,0.012943561459813712,0.02553043451370877,289.91583251953125,293.5788269042969,3.662994384765625,6.176838919208401,0.0,walk,1,Ben Hill Terrace; Fairburn; Kings Forest,-84.518556,33.693454,-84.513435,33.690856,walk-41
42,Marietta Road Northwest,Marietta Road Northwest,8,1581.9741556091217,1.5819741556091216,53.05783669056128,383.4407608765299,48,24,501.2012528779388,0.008349259596868639,0.015444455525952099,277.81396484375,289.0847473144531,11.270782470703125,1.2765314086234627,0.0,walk,2,Hills Park; Rockdale,-84.442366,33.800864,-84.436528,33.788484,walk-42
43,Northside Drive Northwest - Broadland Road Northwest,Broadland Road Northwest; Northside Drive Northwest,8,997.5748595524594,0.9975748595524594,44.35931781926652,354.8745425541322,52,36,262.19178669422064,0.01330928476850813,0.04995189560673731,247.41612243652344,253.95205688476562,6.5359344482421875,8.342757382787077,0.5245204868178502,walk,1,Chastain Park; Kingswood; Mt. Paran/Northside,-84.403652,33.860686,-84.400938,33.867607,walk-43
44,Powers Ferry Road Northwest - Broadland Road Northwest - Hillside Drive Northwest,Broadland Road Northwest; Hillside Drive Northwest; Powers Ferry Road Northwest,5,975.843181863637,0.975843181863637,66.14617350012671,330.73086750063356,70,36,322.9615338346045,0.02193409369934321,0.05241677293058334,246.44281005859375,265.63775634765625,19.1949462890625,16.75579513826811,0.18715295663112938,walk,1,Chastain Park,-84.395965,33.872809,-84.393058,33.868067,walk-44
45,unnamed corridor,,6,603.649677397668,0.6036496773976681,49.70375517696445,298.2225310617867,80,26,224.70640328383115,0.02345170828906981,0.03120595839925906,266.6451416015625,274.75079345703125,8.10565185546875,13.427741551046942,1.0,walk,1,Grove Park; Historic Westin Heights/Bankhead,-84.433411,33.771285,-84.426995,33.771805,walk-45
46,Ted Turner Drive Southwest - West Peachtree Street Northwest - Ted Turner Drive Northwest,Ted Turner Drive Northwest; Ted Turner Drive Southwest; West Peachtree Street Northwest,9,508.1393779751795,0.5081393779751795,32.18048934817642,289.6244041335878,103,22,197.29928983549448,0.020817669430968223,0.041495909386483586,301.00653076171875,308.1866149902344,7.180084228515625,17.473908327248033,0.0,walk,1,Downtown,-84.388911,33.765338,-84.387446,33.769683,walk-46
47,Warren Street Northeast - Hosea L Williams Drive Southeast,Hosea L Williams Drive Southeast; Warren Street Northeast,6,468.07884319910835,0.46807884319910836,42.58015416797489,255.48092500784935,127,36,160.0172211962427,0.01580674648146266,0.04789721426743896,301.5312194824219,307.4444274902344,5.9132080078125,17.22381472399719,0.7499429649807188,walk,1,Kirkwood,-84.325141,33.752836,-84.325678,33.756347,walk-47
48,La Dawn Lane Northwest - Whetstone Creek PATH Trail,La Dawn Lane Northwest; Whetstone Creek PATH Trail,5,588.7031107758319,0.5887031107758319,49.761297776790315,248.80648888395157,65,36,201.06728230150657,0.02517028534365823,0.06264576781277381,240.51930236816406,255.37472534179688,14.855422973632812,0.06386522435808317,1.0,walk,1,Bolton,-84.453458,33.815668,-84.450582,33.812644,walk-48
49,North Avenue Northwest - State Street Northwest,North Avenue Northwest; State Street Northwest,5,1026.1384048431278,1.0261384048431277,48.23114625333898,241.1557312666949,115,29,317.69917234468835,0.008251244476827041,0.04162802615220983,294.8800048828125,299.4317626953125,4.5517578125,1.1711994585412226,0.10259166031610518,walk,1,Downtown; English Avenue; Marietta Street Artery,-84.40406,33.770095,-84.399111,33.77217,walk-49
50,Venetian Drive Southwest,Venetian Drive Southwest,5,393.07954760426514,0.39307954760426517,47.37510101803777,236.87550509018885,160,29,133.23653300256697,0.005652217882106104,0.012331175936900578,315.46905517578125,317.69927978515625,2.230224609375,5.673723354389046,0.0,walk,1,Venetian Hills,-84.434584,33.714515,-84.438822,33.714585,walk-50
51,unnamed corridor,,6,425.83304215652026,0.4258330421565203,38.65047758063437,231.90286548380624,78,26,166.64705608187268,0.012529439021031971,0.030645811008166927,294.59503173828125,299.89947509765625,5.304443359375,12.493033096072162,1.0,walk,1,English Avenue,-84.404844,33.770159,-84.408389,33.772488,walk-51
52,Atlanta Beltline Southwest Trail,Atlanta Beltline Southwest Trail,4,1099.7104306649123,1.0997104306649124,55.64389145751572,222.57556583006289,69,23,270.2361441540941,0.0036045476987263173,0.004664703005712622,302.93414306640625,306.3561706542969,3.422027587890625,3.11175332384688,1.0,walk,1,West End; Westview,-84.430779,33.74662,-84.432168,33.738195,walk-52
53,Chappell Road Southwest - Mozley Place Southwest,Chappell Road Southwest; Mozley Place Southwest,4,547.7358617000708,0.5477358617000708,48.535382256097606,194.14152902439042,63,34,151.2044960910662,0.017916885551564104,0.0465807219543284,300.3856506347656,310.3654479980469,9.97979736328125,19.997427357543664,1.0,walk,1,Mozley Park,-84.433327,33.753708,-84.436165,33.751183,walk-53
54,Mangum Street Southwest - Baker Street Northwest,Baker Street Northwest; Mangum Street Southwest,4,1001.6914138331142,1.001691413833114,47.57239410719475,190.289576428779,54,13,223.08475914800792,0.013547581296941249,0.043294975504158596,308.36761474609375,318.4505310058594,10.082916259765625,10.603982002763807,0.0,walk,1,Castleberry Hill; Downtown,-84.399515,33.753951,-84.395709,33.759585,walk-54
55,Ellis Street Northeast - John Lewis Freedom Parkway Northeast,Ellis Street Northeast; John Lewis Freedom Parkway Northeast,4,646.8367420969225,0.6468367420969225,45.10407465609222,180.4162986243689,87,18,148.22661995478373,0.013198621629697043,0.06076286160450212,299.8490295410156,305.05621337890625,5.207183837890625,7.976628537348161,0.0,walk,1,Downtown; Sweet Auburn,-84.381398,33.758371,-84.374843,33.760116,walk-55
56,Van Vleck Avenue Southeast - Blake Avenue Southeast,Blake Avenue Southeast; Van Vleck Avenue Southeast,3,401.03655506141,0.40103655506141,60.09104441490941,180.27313324472823,69,36,141.91297873798595,0.02608764053425014,0.05453581946226455,308.84576416015625,315.900634765625,7.05487060546875,23.73548921660621,1.0,walk,1,East Atlanta,-84.341688,33.736163,-84.338691,33.735216,walk-56
57,Atlanta Beltline Eastside Trail,Atlanta Beltline Eastside Trail,4,885.0632668797443,0.8850632668797443,40.17440822312676,163.81281687131371,66,19,163.65475628798882,0.008009377648893194,0.015493323763442191,271.8327331542969,279.61944580078125,7.786712646484375,7.8889024046725975,1.0,walk,2,Midtown; Virginia Highland,-84.368366,33.781804,-84.364648,33.773561,walk-57
58,Howell Mill Road Northwest,Howell Mill Road Northwest,3,598.8371105386218,0.5988371105386218,52.43224991022446,157.29674973067338,73,27,138.14354410279964,0.017036447531244562,0.04195163484586268,246.52670288085938,256.728759765625,10.202056884765625,0.0,0.3964701728689489,walk,1,Brandon; Memorial Park; Wildwood (NPU-C),-84.416529,33.825036,-84.416665,33.819911,walk-58
59,unnamed corridor,,2,462.1498664999598,0.46214986649995976,74.91910973950876,149.8382194790175,137,34,267.39263448042396,0.013567003861116207,0.020781905853787478,299.0698547363281,305.33984375,6.269989013671875,13.5670038404575,1.0,walk,1,English Avenue; Marietta Street Artery,-84.410497,33.773159,-84.407208,33.775861,walk-59
60,Claire Drive Southeast,Claire Drive Southeast,3,413.48831050320746,0.41348831050320745,49.370934431093836,148.1128032932815,49,26,129.89550276591666,0.016467336963972377,0.05807349056751223,293.6205749511719,300.42962646484375,6.809051513671875,21.233454328044164,1.0,walk,1,Lakewood Heights,-84.384889,33.705091,-84.38043,33.705055,walk-60
61,Cumberland Road Northeast,Cumberland Road Northeast,3,631.1260815525268,0.6311260815525268,46.99154493364185,140.97463480092554,48,25,129.8765056451495,0.020642008539878947,0.061033733392601375,264.6869201660156,279.3613586425781,14.6744384765625,23.251199570875585,1.0,walk,1,Morningside/Lenox Park,-84.366089,33.796196,-84.359276,33.79617,walk-61
62,North Morningside Drive Northeast,North Morningside Drive Northeast,3,556.9639999033263,0.5569639999033263,42.48005068042817,127.44015204128452,66,24,98.19304161565157,0.020109041182502254,0.051427194245493475,280.0478515625,293.6013488769531,13.553497314453125,4.225560552980759,1.0,walk,1,Morningside/Lenox Park,-84.355471,33.791109,-84.358725,33.795261,walk-62
63,unnamed corridor,,2,705.5920215155558,0.7055920215155558,61.27634328277294,122.55268656554588,48,24,122.93614815835508,0.007223483537047151,0.03448783269262604,266.5691223144531,271.66595458984375,5.096832275390625,0.0,0.0,walk,1,Hills Park,-84.443831,33.800685,-84.450759,33.802689,walk-63
64,South Evelyn Place Northwest,South Evelyn Place Northwest,3,466.0865422874884,0.46608654228748836,39.502011460534256,118.50603438160276,67,36,100.86967524777984,0.03205787113526556,0.0657553358135892,263.0935363769531,278.0352783203125,14.941741943359375,0.0,1.0,walk,1,Grove Park,-84.445825,33.77419,-84.442408,33.77291,walk-64
65,Pryor Road,Pryor Road,2,481.38037588854974,0.48138037588854976,52.14385756508828,104.28771513017657,70,21,168.38279505534106,0.024691084064047953,0.04692477978853507,298.3211975097656,310.2070007324219,11.88580322265625,24.69108384552859,0.0,walk,1,Mechanicsville; Peoplestown,-84.393431,33.731775,-84.392765,33.727616,walk-65
66,Langston Avenue Southwest,Langston Avenue Southwest,2,425.79064239775755,0.42579064239775755,50.547461941322425,101.09492388264485,62,34,74.42597360241628,0.0058111532575711635,0.015370994548080956,319.4756774902344,321.15655517578125,1.680877685546875,3.017708661090498,1.0,walk,1,Sylvan Hills,-84.424266,33.713742,-84.422972,33.7101,walk-66
67,Highland View Northeast,Highland View Northeast,2,499.8835144095432,0.4998835144095432,50.25379186997408,100.50758373994816,45,26,92.06215968605268,0.029301992190570853,0.06881988338964444,289.70697021484375,305.7857971191406,16.078826904296875,32.16514736095869,1.0,walk,1,Virginia Highland,-84.358621,33.779172,-84.353226,33.779193,walk-67
68,Defoors Ferry Road Northwest,Defoors Ferry Road Northwest,2,586.5569791908337,0.5865569791908336,50.08598738700995,100.1719747740199,35,21,107.79447251566822,0.02139139531718296,0.07849967744908304,264.2850036621094,276.9388732910156,12.65386962890625,6.784441769683855,0.0,walk,1,Underwood Hills,-84.427394,33.814149,-84.431689,33.816994,walk-68
69,McKinley Road Northwest,McKinley Road Northwest,2,550.9274226230177,0.5509274226230177,49.01427973197161,98.02855946394322,38,22,145.4059084911383,0.007635329443347735,0.05127405000749531,272.7513732910156,277.04296875,4.291595458984375,6.639472426740297,1.0,walk,1,Springlake,-84.412655,33.811176,-84.408985,33.814714,walk-69
70,Bitsy Grant Connector Trail,Bitsy Grant Connector Trail,2,614.5915489884635,0.6145915489884635,48.51778689447028,97.03557378894055,37,22,160.21923252766314,0.03986826795054763,0.04835997152046353,239.5635528564453,264.0662536621094,24.502700805664062,0.0,1.0,walk,1,Peachtree Battle Alliance,-84.407574,33.81506,-84.407509,33.820591,walk-70
71,Powers Ferry Road Northwest,Powers Ferry Road Northwest,2,366.94666145692327,0.3669466614569233,46.97006162058389,93.94012324116778,50,33,73.08316527898796,0.046577841854633845,0.07229283394013386,283.85479736328125,300.9463806152344,17.091583251953125,0.0,0.0,walk,1,Chastain Park; Tuxedo Park,-84.385432,33.857921,-84.388053,33.860363,walk-71
72,unnamed corridor,,1,593.1398333627072,0.5931398333627073,76.44505510746835,76.44505510746835,68,36,185.03418941578374,0.016857424308265805,0.045313724529780566,288.2613220214844,300.02227783203125,11.760955810546875,2.970877855401411,1.0,walk,1,Candler Park,-84.348924,33.77103,-84.342584,33.77116,walk-72
73,Whetstone Creek PATH Trail,Whetstone Creek PATH Trail,1,476.06440140824697,0.47606440140824696,62.63643136159825,62.63643136159825,48,24,129.76031432724398,0.009861293290797412,0.031828377841984286,255.30433654785156,260.3038330078125,4.9994964599609375,0.03208399495190212,1.0,walk,1,Bolton; Hills Park,-84.452926,33.808891,-84.450593,33.812613,walk-73
74,Courtland Street Southeast,Courtland Street Southeast,1,382.24225805102816,0.3822422580510282,57.102816263761895,57.102816263761895,51,17,68.66865346043647,0.009809015566396179,0.009811515620965659,314.6094665527344,318.35888671875,3.749420166015625,9.809015322201997,0.0,walk,1,Downtown,-84.38594,33.752873,-84.388401,33.750123,walk-74
75,unnamed corridor,,1,462.24241935546866,0.46224241935546867,53.1346537716727,53.1346537716727,62,12,124.77242437778335,0.009370782926513657,0.021465103856473607,311.9945373535156,316.32611083984375,4.331573486328125,9.370783175563783,1.0,walk,1,Capitol View; Oakland City,-84.413629,33.722266,-84.417999,33.724252,walk-75
76,White Street Southwest,White Street Southwest,1,358.1772856526332,0.3581772856526332,52.6357879290189,52.6357879290189,53,13,78.50531055972898,0.004746201952107197,0.03609584815696234,308.5198974609375,311.399169921875,2.8792724609375,8.03867966024476,0.0,walk,1,West End,-84.426684,33.735362,-84.429815,33.737254,walk-76
77,Atlanta Beltline Westside Trail,Atlanta Beltline Westside Trail,1,810.3492932038532,0.8103492932038532,48.89273489749882,48.89273489749882,36,14,85.48994186567067,0.0024512375493936285,0.023823691789811627,278.4158935546875,280.58050537109375,2.16461181640625,0.0,1.0,walk,1,Historic Westin Heights/Bankhead,-84.423807,33.77281,-84.42411,33.765963,walk-77
78,Woodbine Avenue Southeast,Woodbine Avenue Southeast,1,371.6590598034561,0.3716590598034561,48.25181763668938,48.25181763668938,43,24,45.32055385078677,0.02188007348016886,0.03951213353820194,290.8650207519531,298.9969482421875,8.131927490234375,21.88007335146026,1.0,walk,1,Kirkwood,-84.336884,33.750835,-84.334689,33.753312,walk-78
79,Westside Beltline Connector,Westside Beltline Connector,1,357.8135227049397,0.3578135227049397,46.49704869844208,46.49704869844208,30,14,67.55370911028868,0.004772690171988789,0.004777552870484871,293.8806457519531,295.58837890625,1.707733154296875,0.0,1.0,walk,1,English Avenue,-84.405549,33.765546,-84.406969,33.768544,walk-79
80,unnamed corridor,,1,1365.9958238186352,1.3659958238186352,45.60287062123664,45.60287062123664,19,20,75.22647178423578,0.0022071469793582587,0.0022098432908912832,241.20997619628906,244.2249298095703,3.01495361328125,2.207147021030387,1.0,walk,1,Memorial Park,-84.408076,33.819261,-84.415984,33.823735,walk-80
81,Atlanta Beltline Southwest Trail,Atlanta Beltline Southwest Trail,1,472.8181486218079,0.4728181486218079,44.8127015448189,44.8127015448189,41,10,75.27893660714138,0.0008837365558865588,0.017052248186550736,309.4839172363281,309.9345703125,0.450653076171875,0.8837365505225608,1.0,walk,1,Adair Park; Oakland City,-84.417453,33.728299,-84.413612,33.725535,walk-81
82,Dodd Avenue Southwest,Dodd Avenue Southwest,1,362.35872801503115,0.36235872801503116,42.13002971069349,42.13002971069349,50,20,38.55893705379547,0.0059334982963710516,0.022852154185949644,290.41619873046875,293.6366882324219,3.220489501953125,8.887572598553593,1.0,walk,1,Mechanicsville,-84.39261,33.736313,-84.39309,33.733302,walk-82
83,Proctor Creek Greenway,Proctor Creek Greenway,1,1089.782087024439,1.089782087024439,41.935331274457965,41.935331274457965,23,13,260.076220991201,0.002552521732020012,0.002554882664647994,246.93475341796875,249.71644592285156,2.7816925048828125,0.0,1.0,walk,1,Rockdale; West Highlands,-84.450134,33.783763,-84.451901,33.79263,walk-83
84,PATH400,PATH400,1,692.3078908984801,0.6923078908984801,41.67480637431591,41.67480637431591,35,36,33.98587506368528,0.03720655762101187,0.03721109776721159,268.734375,294.4927673339844,25.758392333984375,37.20655603181848,1.0,walk,1,North Buckhead,-84.369898,33.857549,-84.370863,33.85181,walk-84
85,North Avenue Northeast,North Avenue Northeast,1,554.4427333611629,0.5544427333611629,38.16744226003115,38.16744226003115,33,34,31.28629918385654,0.019912120114619236,0.038735180280494025,288.0640869140625,299.8592834472656,11.795196533203125,1.3618465398425585,1.0,walk,1,Candler Park,-84.348921,33.771081,-84.343,33.771206,walk-85
86,Dale Creek Drive Northwest,Dale Creek Drive Northwest,1,408.12390887116925,0.4081239088711692,37.3018553252739,37.3018553252739,35,36,28.81383756869785,0.011809409182583584,0.05704194910187902,274.0698547363281,280.24114990234375,6.171295166015625,3.9800636413392034,1.0,walk,1,Collier Heights,-84.472218,33.764569,-84.476622,33.764587,walk-86
0,Cascade Road - Sandtown Road Southwest,Cascade Road; Sandtown Road Southwest,95,6846.557924917414,6.846557924917414,59.335118227362834,5636.836231599469,223,36,3280.1193970626996,0.0197721120697752,0.05685702236972423,246.22499084472656,316.7851257324219,70.56013488769531,6.5150499862010385,0.25361240730929563,bike,1,Adams Park; Audobon Forest; Cascade Avenue/Road; Cascade Heights; Horseshoe Community; Magnum Manor; Venetian Hills,-84.506188,33.723163,-84.440186,33.714601,bike-87
1,Campbellton Road Southwest - Murphy Avenue Southwest - Whitehall Street Southwest - Dill Ave Southwest,Campbellton Road Southwest; Dill Ave Southwest; Murphy Avenue Southwest; Oakland Drive Southwest; Whitehall Street Southwest,91,6273.904466428795,6.273904466428795,52.70649094548028,4796.290676038706,239,35,2669.766004362351,0.018874402601938813,0.06650094424734573,288.31488037109375,327.74847412109375,39.43359375,9.834237434161864,0.03443898915284709,bike,1,Adair Park; Capitol View; Fort McPherson; Oakland City; Venetian Hills,-84.45339,33.708028,-84.40937,33.74186,bike-88
2,Edgewood Avenue Northeast - Auburn Avenue Northeast - Courtland Street One-Way Protected Bike Lane,Atlanta Beltline Eastside Trail; Atlanta Beltline Southeast Trail; Auburn Avenue Northeast; Courtland Street One-Way Protected Bike Lane; Edgewood Avenue Northeast; Krog Street Northeast,89,3563.9407493750296,3.5639407493750297,46.86434358028574,4025.0389419311555,248,36,2015.3354305402213,0.018772304614719695,0.048762067385289064,296.58258056640625,318.4713134765625,21.88873291015625,7.0049709771549304,0.2727243572719519,bike,3,Cabbagetown; Downtown; Inman Park; Old Fourth Ward; Reynoldstown; Sweet Auburn,-84.384212,33.755556,-84.357075,33.752585,bike-89
3,Fairburn Road Southwest - Utoy Springs Road Southwest,Fairburn Road Southwest; Landings North Drive; Utoy Springs Road Southwest,72,6744.93516807844,6.74493516807844,53.132572992237726,3805.844266786426,132,36,2649.5224144950184,0.014757501514419478,0.08531666008292065,262.97589111328125,299.78912353515625,36.813232421875,11.764804592019233,0.027971238936199377,bike,4,Ben Hill; Ben Hill Acres; Briar Glen; Cascade Green; Deerwood; Fairburn Tell; Heritage Valley; Kings Forest; Mt. Gilead Woods; Old Fairburn Village; Princeton Lakes,-84.507683,33.720726,-84.520793,33.665642,bike-90
4,Howell Mill Road Northwest - Huff Road Northwest,Howell Mill Road Northwest; Huff Road Northwest,74,2857.642102299309,2.8576421022993093,50.652113709545425,3646.4614153524853,228,36,1845.8900818902885,0.011687453582577648,0.0405358244995173,284.2016906738281,302.57452392578125,18.372833251953125,5.76588549872833,0.18060021132077247,bike,2,Berkeley Park; Blandtown; Channing Valley; Marietta Street Artery; Underwood Hills; Wildwood (NPU-C),-84.411918,33.784112,-84.412747,33.807268,bike-91
5,Peters Street Southwest - West Whitehall Street Southwest - McDaniel Street Southwest - Poole Place Southwest,Lee Street Southwest; McDaniel Street Southwest; Peters Street Southwest; Poole Place Southwest; West Whitehall Street Southwest,54,2301.74596761618,2.3017459676161804,46.7588676722998,2524.978854304189,269,36,1470.54102094168,0.01130067856364507,0.0429018968995932,317.578857421875,324.7846374511719,7.205780029296875,7.193622614597832,0.007388190289850874,bike,1,Adair Park; Atlanta University Center; Castleberry Hill; Mechanicsville; Pittsburgh; The Villages at Castleberry Hill; West End,-84.414078,33.738323,-84.397264,33.750537,bike-92
6,Marietta Street Northwest - Brady Avenue Northwest - Marietta Street,Brady Avenue Northwest; Marietta Street; Marietta Street Northwest,43,1489.7662462173862,1.4897662462173862,51.644419303138534,2220.710030034957,232,36,1021.5898202724541,0.014715816208697434,0.050981013713195536,296.42559814453125,307.6112365722656,11.185638427734375,3.63355458374801,0.39578592148818725,bike,1,Marietta Street Artery,-84.405433,33.773952,-84.412149,33.784004,bike-93
7,Atlanta Beltline Southeast Trail - Atlanta Beltline Southside Trail - Atlanta BeltLine Southside Trail - Glenwood Avenue Southeast,Atlanta BeltLine Southside Trail; Atlanta Beltline Southeast Trail; Atlanta Beltline Southside Trail; Bill Kennedy Way; Gibson Street Southeast; Glenwood Avenue Southeast; Woodward Avenue,36,4365.863261745677,4.365863261745677,50.439724576734534,1819.539077833816,135,36,2271.5940112303488,0.008629125955053352,0.04892548792216315,284.78131103515625,314.22027587890625,29.43896484375,5.438673960311651,0.942118764666628,bike,2,Boulevard Heights; Chosewood Park; Grant Park; Ormewood Park; Reynoldstown,-84.378304,33.72433,-84.357079,33.75246,bike-94
8,Forrest Park Road Southeast - Jonesboro Road Southeast - South River Industrial Boulevard Southeast - Hargis Street Southeast,Eisenhower Circle Southeast; Forrest Park Road Southeast; Hargis Street Southeast; Jonesboro Road Southeast; Pine Forest Drive Southeast; South River Industrial Boulevard Southeast,36,4497.636941607143,4.497636941607143,51.64885020359143,1748.146307904939,70,36,1267.9309773172372,0.019659110462458607,0.07640896515278685,242.8663330078125,289.4344177246094,46.568084716796875,13.21838063468445,0.1491288942544567,bike,3,Browns Mill Park; Lakewood; Leila Valley; Rebel Valley Forest; South River Gardens,-84.366445,33.692769,-84.357948,33.659512,bike-95
9,Forsyth Street Northwest - Auburn Avenue Northeast - Luckie Street Northwest - Forsyth Street Southwest,Auburn Avenue Northeast; Forsyth Street Northwest; Forsyth Street Southwest; Luckie Street Northwest; Marietta Street,34,1142.3212237754276,1.1423212237754277,42.28879083895619,1437.8188885245104,294,36,720.1195565598359,0.018739042154886375,0.056768216326825244,308.72601318359375,323.2995910644531,14.573577880859375,5.21626365475991,0.0,bike,1,Downtown,-84.393391,33.752879,-84.384629,33.755559,bike-96
10,Martin Luther King Junior Drive Southwest,Martin Luther King Junior Drive Southwest,29,1480.5646249459094,1.4805646249459095,46.096074550137466,1336.7861619539865,82,35,723.9781784219291,0.013271671008583123,0.030190857388781134,274.11492919921875,290.2813720703125,16.16644287109375,1.5239778245629994,0.0,bike,1,Harland Terrace,-84.473193,33.753689,-84.487965,33.75153,bike-97
11,DeKalb Avenue Northeast,Arizona Avenue Northeast; DeKalb Avenue Northeast; Rogers Street Northeast; X'avier Arnold Trail,32,2097.4878112915303,2.0974878112915305,42.12340744233997,1327.7695274434013,132,36,681.8670692439409,0.015308855694164968,0.06381180220139988,307.7171630859375,318.06512451171875,10.34796142578125,7.582720147557943,0.3905751835514274,bike,3,Candler Park; Edgewood; Kirkwood; Lake Claire,-84.348611,33.760371,-84.323837,33.760086,bike-98
12,Peachtree Street Northeast,Peachtree Street Northeast,39,1463.3323376365452,1.4633323376365452,32.99502202787971,1285.416101059282,134,34,485.9192729984484,0.014866151104799736,0.040401062279375975,292.7790222167969,312.2598876953125,19.480865478515625,12.674702642087333,0.0,bike,3,Downtown; Midtown,-84.385145,33.769878,-84.383115,33.784244,bike-99
13,Atlanta Beltline Southside Trail - Beltline Access Line - Atlanta Beltline Southwest Trail - Milton Avenue Southeast,Atlanta Beltline Southside Trail; Atlanta Beltline Southwest Trail; Beltline Access Line; Milton Avenue Southeast,18,3843.5999001395053,3.8435999001395054,62.11384240146577,1118.0491632263838,161,25,1928.6651885660895,0.011139392530450772,0.06797151522065348,294.5843811035156,312.6709289550781,18.0865478515625,8.888169431327107,0.9515451179322375,bike,1,Adair Park; Capitol View; Capitol View Manor; Chosewood Park; High Point; Oakland City; Peoplestown; Pittsburgh; South Atlanta,-84.38205,33.72424,-84.413507,33.725401,bike-100
14,Marietta Road Northwest - West Marietta Street Northwest - Atlanta Beltline Westside Trail,Atlanta Beltline Westside Trail; Marietta Road Northwest; West Marietta Street Northwest,20,2767.99869169038,2.76799869169038,55.352929115421354,1107.058582308427,118,33,1081.764495972006,0.011931243157944443,0.04161467379032737,277.81396484375,297.726318359375,19.912353515625,2.0912047992705407,0.08787696790797053,bike,1,Hills Park; Knight Park/Howell Station; Rockdale,-84.442739,33.801268,-84.428029,33.786213,bike-101
15,Defoor Avenue Northwest,Defoor Avenue Northwest,27,1285.042560585059,1.2850425605850588,40.57579150865367,1095.5463707336492,107,36,495.39360834176455,0.018226132793150596,0.06154872286560387,277.7996826171875,291.3999938964844,13.600311279296875,8.290009579035738,0.0,bike,1,Underwood Hills,-84.425002,33.807665,-84.416966,33.799821,bike-102
16,Ralph David Abernathy Boulevard,Lucile Avenue Southwest; Ralph David Abernathy Boulevard; West Ontario Avenue Southwest,25,1400.3531603041306,1.4003531603041306,42.95335433889805,1064.0539014175615,108,30,670.8745869207196,0.008771569254416809,0.042582993943232034,308.7880859375,319.0293884277344,10.241302490234375,8.508879137622552,0.24038705909966557,bike,2,Westview,-84.445052,33.750393,-84.435146,33.742548,bike-103
17,Campbellton Road - Campbellton Road Southwest,Campbellton Road; Campbellton Road Southwest,23,1784.370216502387,1.784370216502387,45.73250394488832,1039.5225567417383,70,36,673.4677642639314,0.018523644701015772,0.03642197807633097,289.91583251953125,307.9335632324219,18.017730712890625,10.27469643638438,0.0,bike,2,Ben Hill Terrace; Elmco Estates; Fairburn; Kings Forest,-84.514844,33.69143,-84.534154,33.696121,bike-104
18,PATH Parkway - Tech Parkway Northwest - Luckie Street Northwest,Luckie Street Northwest; PATH Parkway; Tech Parkway Northwest,24,1430.878841233043,1.4308788412330429,42.36901600939712,1027.9286886903728,211,36,448.5138861679152,0.02509348115467201,0.0477820602204111,291.52337646484375,307.37347412109375,15.85009765625,13.35473573191951,0.8598013297891031,bike,2,Downtown; Georgia Tech; Marietta Street Artery,-84.402565,33.773661,-84.396204,33.765319,bike-105
19,Jonesboro Road Southeast - Harriet Street Southeast - Lakewood Avenue Southeast,Harriet Street Southeast; Jonesboro Road Southeast; Lakewood Avenue Southeast,21,1196.6424398367028,1.1966424398367028,47.80677889982206,1008.08949410266,121,36,510.0965482941485,0.0071695658136089815,0.030869194781694267,307.5489196777344,313.1834411621094,5.634521484375,3.485577522057098,0.16516212122973495,bike,2,Lakewood Heights; South Atlanta,-84.381751,33.717342,-84.380423,33.707799,bike-106
20,New Hope Road Southwest - Heatherland Drive Southwest - Niskey Lake Road Southwest - Danforth Road Southwest,Danforth Road Southwest; Heatherland Drive Southwest; New Hope Road Southwest; Niskey Lake Road Southwest,14,1986.5627106087554,1.9865627106087553,66.52624846645189,931.3674785303265,70,36,802.5944316675802,0.022112832303992445,0.08796894415683325,264.0818786621094,292.3662109375,28.284332275390625,17.165668774576304,0.0,bike,1,Midwest Cascade; Niskey Lake,-84.537095,33.726965,-84.534706,33.713184,bike-107
21,Marietta Street Northwest,Marietta Street Northwest,19,622.67404134456,0.6226740413445601,46.750211659524155,888.254021530959,213,30,382.52585632396267,0.01516370783013209,0.04089191250231542,310.02960205078125,316.14056396484375,6.1109619140625,3.551155197394103,0.0,bike,1,Downtown,-84.394416,33.759142,-84.397258,33.764124,bike-108
22,Martin Luther King Junior Drive Southwest,Martin Luther King Junior Drive Southwest,17,1234.2168507104825,1.2342168507104825,52.429185241042866,888.1705804025037,78,27,604.6132327430223,0.02237237760270855,0.04025136759968356,299.5588073730469,320.0247497558594,20.4659423828125,10.284792776467185,0.0,bike,2,Florida Heights,-84.465383,33.751923,-84.44828,33.750364,bike-109
23,Westside BeltLine Connector - Atlanta Beltline Westside Trail,Atlanta Beltline Westside Trail; Westside BeltLine Connector; Westside Beltline Connector,16,2527.677342197149,2.527677342197149,51.14708063759618,755.9300728105591,104,32,858.0160380902141,0.006728379235326638,0.08702304779441505,278.4158935546875,292.16424560546875,13.74835205078125,1.1337013058101453,1.0,bike,2,English Avenue; Historic Westin Heights/Bankhead,-84.42411,33.765963,-84.408616,33.771337,bike-110
24,Northside Drive Northwest - Broadland Road Northwest,Broadland Road Northwest; Northside Drive Northwest,17,1504.7697929297412,1.5047697929297412,42.542698627999286,723.2258766759878,58,36,449.8471794515268,0.017731042428127775,0.04995189560673731,247.41612243652344,257.471923828125,10.055801391601562,10.428032110596217,0.3477265781305695,bike,1,Chastain Park; Kingswood; Mt. Paran/Northside; Tuxedo Park,-84.405106,33.856475,-84.400938,33.867607,bike-111
25,County Line Road Southwest,County Line Road Southwest; Niskey Lake Road Southwest,11,1610.3851573718587,1.6103851573718586,59.751662470870784,665.9706429258091,70,36,659.9349228611372,0.020433852184613587,0.06301399971915086,284.7648620605469,302.1766052246094,17.4117431640625,13.202176822286763,0.0,bike,2,Niskey Lake; Regency Trace,-84.535356,33.696567,-84.534904,33.711047,bike-112
26,Stone Mountain Trail,Stone Mountain Trail,14,2447.8586707359896,2.4478586707359895,47.23538104863109,662.4537383951712,96,34,628.2528399123694,0.010415772184286232,0.025312891994782268,298.43756103515625,319.6408996582031,21.203338623046875,6.803144889906657,1.0,bike,3,Downtown; Inman Park; Old Fourth Ward,-84.352603,33.76891,-84.381783,33.762053,bike-113
27,Hamilton E Holmes Drive Northwest,Hamilton E Holmes Drive Northwest; Oldknow Drive Northwest,14,1404.6476855361798,1.4046476855361798,46.69794907714824,653.9402937994328,82,36,447.36459237278655,0.010106002916529903,0.05649537380512959,289.7507019042969,299.6297912597656,9.87908935546875,5.4444630984567235,0.16353382691320942,bike,2,Center Hill; Collier Heights,-84.47003,33.763853,-84.473601,33.773677,bike-114
28,Langston Avenue Southwest - Murphy Avenue Southwest,Langston Avenue Southwest; Murphy Avenue Southwest,18,1437.7246863602732,1.437724686360273,35.321795125895086,635.7923122661116,69,36,318.32909750935715,0.012959230193806376,0.04837861224652973,309.2672119140625,321.15655517578125,11.88934326171875,4.316326022246129,1.0,bike,1,Capitol View; Sylvan Hills,-84.424681,33.717092,-84.420558,33.705546,bike-115
29,Cottage Grove Avenue Southeast - Memorial Drive Southeast,Cottage Grove Avenue Southeast; Memorial Drive Southeast,14,852.7364351829954,0.8527364351829954,43.52795431202315,609.3913603683241,70,36,391.9613779509657,0.016216999906654084,0.059052575717857075,301.00653076171875,306.7412414550781,5.734710693359375,12.158732935872656,0.903127424048033,bike,1,East Lake; Kirkwood,-84.313681,33.749982,-84.305223,33.747227,bike-116
30,DeKalb Avenue - DeKalb Avenue Northeast,DeKalb Avenue; DeKalb Avenue Northeast,12,858.0537840589918,0.8580537840589918,46.948479108542585,563.381749302511,91,28,316.2697990493514,0.004036603670602587,0.011233829271848123,312.7323303222656,314.6437683105469,1.91143798828125,1.3303122874043785,0.0,bike,1,Inman Park; Reynoldstown,-84.356647,33.755059,-84.349534,33.759957,bike-117
31,Forsyth Street Southwest - Ted Turner Drive Southwest - Nelson Street Southwest,Forsyth Street Southwest; Nelson Street Southwest; Ted Turner Drive Southwest,12,474.75734643032234,0.47475734643032236,46.935210646597405,563.2225277591689,255,29,317.652459116893,0.016131995241628557,0.033080408147185124,317.5706787109375,322.2919921875,4.7213134765625,11.333015000950402,0.3161298934013371,bike,1,Castleberry Hill; Downtown,-84.396797,33.750975,-84.393526,33.752717,bike-118
32,Trolley Line Trail,Trolley Line Trail,12,1173.98048137536,1.1739804813753598,46.609158482081035,559.3099017849725,92,25,527.0356651743517,0.017734776903296445,0.07442560393374816,287.4952697753906,298.50677490234375,11.011505126953125,9.624556734375725,1.0,bike,1,Edgewood; Kirkwood,-84.334783,33.753324,-84.345382,33.748842,bike-119
33,Jonesboro Road Southeast,Jonesboro Road Southeast,10,1362.5775119570797,1.3625775119570795,52.034028700044054,520.3402870004405,70,36,398.12219144069536,0.0247414388560014,0.05603923614907028,267.62744140625,301.3395690917969,33.712127685546875,0.0,0.0,bike,1,Lakewood; Lakewood Heights; Norwood Manor,-84.376578,33.703083,-84.367285,33.693733,bike-120
34,Campbellton Road Southwest,Campbellton Road Southwest,13,549.3323254211335,0.5493323254211335,39.96653751690356,519.5649877197462,145,36,202.68709424240913,0.023240659691862217,0.03616791011479251,278.8636474609375,288.6403503417969,9.776702880859375,17.79742867555497,0.0,bike,1,Baker Hills at Campbellton; Southwest,-84.474789,33.702609,-84.480107,33.700607,bike-121
35,Oakview Road Southeast,Oakview Road Southeast,10,1187.3140066105263,1.1873140066105263,49.610990442295886,496.1099044229589,70,36,364.22064831492753,0.017013381102161246,0.08071648663169544,298.2552185058594,311.5248107910156,13.26959228515625,9.527782389021118,1.0,bike,1,Kirkwood,-84.321745,33.750672,-84.314218,33.750065,bike-122
36,Arden Road Northwest,Arden Road Northwest,13,1149.0865900944132,1.1490865900944132,37.11757934081969,482.52853143065596,99,31,217.18210621405004,0.022756669457828758,0.07170199604343645,283.3751220703125,295.64678955078125,12.27166748046875,8.651200953523844,1.0,bike,1,Arden/Habersham; Argonne Forest; Brandon; Castlewood,-84.404367,33.83763,-84.409648,33.8288,bike-123
37,Lee Street Southwest,Lee Street Southwest,11,506.4127407808361,0.5064127407808361,43.38990770696871,477.28898477665575,152,36,192.24463642077316,0.0047577659302571445,0.018817353927474346,316.1230163574219,318.2342529296875,2.111236572265625,1.264904915022609,0.0,bike,1,Oakland City,-84.418502,33.726374,-84.422258,33.72306,bike-124
38,Broadland Road Northwest - Powers Ferry Road Northwest - Hillside Drive Northwest,Broadland Road Northwest; Hillside Drive Northwest; Powers Ferry Road Northwest,8,1037.5885079223476,1.0375885079223477,57.02172744954543,456.17381959636344,70,36,354.93397833568883,0.02000442627887764,0.05241677293058334,246.44281005859375,265.63775634765625,19.1949462890625,16.477351160444453,0.449974286765739,bike,1,Chastain Park,-84.395965,33.872809,-84.398971,33.868276,bike-125
39,Atlanta Beltline Westside Trail,Atlanta Beltline Westside Trail,9,1598.0880191146405,1.5980880191146405,50.67239541434477,456.0515587291029,78,28,380.9508544007358,0.017410408198482462,0.048142787340161704,276.8327331542969,293.56207275390625,16.729339599609375,11.600681370717083,1.0,bike,1,Historic Westin Heights/Bankhead; Knight Park/Howell Station,-84.424137,33.774452,-84.427872,33.78557,bike-126
40,Atlanta Beltline Westside Trail,Atlanta Beltline Westside Trail,8,1472.8619672657192,1.472861967265719,56.416284911442375,451.61290587545017,84,21,333.9743599880005,0.015229885198235357,0.03504235786961359,291.5349426269531,302.78070068359375,11.245758056640625,11.767110381618252,1.0,bike,2,Ashview Heights; Hunter Hills; Mozley Park; Washington Park; West End,-84.424542,33.758845,-84.430515,33.746857,bike-127
41,unnamed corridor,,7,1245.7454682586233,1.2457454682586233,60.11246061506137,420.7872243054296,68,28,417.8285167189042,0.004341289856621266,0.03448783269262604,266.40399169921875,271.66595458984375,5.261962890625,0.17033071852128423,0.0,bike,1,Hills Park,-84.443831,33.800685,-84.454369,33.806501,bike-128
42,Atlanta Beltline Southwest Trail - Beltline Access Line,Atlanta Beltline Southwest Trail; Beltline Access Line,11,1171.8450947790423,1.1718450947790422,37.89092134804827,416.80013482853104,84,17,365.4320654834323,0.0021289084795856543,0.0681582201604847,308.11248779296875,310.01025390625,1.89776611328125,3.3129230845546536,1.0,bike,1,Adair Park; Oakland City; West End,-84.413612,33.725535,-84.421859,33.73236,bike-129
43,Atlanta Beltline Southwest Trail - Beltline Access Line,Atlanta Beltline Southwest Trail; Beltline Access Line,7,1227.8483257487467,1.2278483257487467,54.106048748065426,378.742341236458,109,26,456.08070002524556,0.005514074178524917,0.046741479226009235,302.93414306640625,308.6207275390625,5.68658447265625,5.072707674379754,1.0,bike,1,West End; Westview,-84.430779,33.74662,-84.431228,33.738094,bike-130
44,Venetian Drive Southwest,Venetian Drive Southwest,7,453.72485553317375,0.45372485553317377,53.265644611178395,372.85951227824876,172,31,173.22367261607266,0.005737084603124066,0.01260265935515315,315.46905517578125,317.74359130859375,2.2745361328125,5.031660650969574,0.0,bike,1,Venetian Hills,-84.434584,33.714515,-84.439476,33.714593,bike-131
45,Proctor Creek Greenway - Sanford Drive,Proctor Creek Greenway; Sanford Drive,7,4106.393312770879,4.106393312770879,48.10059198969799,345.3095814263079,41,29,704.7490101109988,0.007545424805234253,0.0742736365104592,246.93475341796875,267.94281005859375,21.008056640625,1.5125340164070773,1.0,bike,3,Grove Park; Rockdale; West Highlands,-84.451718,33.793615,-84.429577,33.772029,bike-132
46,La Dawn Lane Northwest - Whetstone Creek PATH Trail,La Dawn Lane Northwest; Whetstone Creek PATH Trail,6,731.206437745432,0.731206437745432,57.015420959005866,342.0925257540352,68,36,272.53901228492555,0.026204777866041258,0.06264576781277381,240.51930236816406,255.37472534179688,14.855422973632812,0.05141866141923868,1.0,bike,1,Bolton,-84.453458,33.815668,-84.450582,33.812644,bike-133
47,Greenbriar Parkway Southwest,Greenbriar Parkway Southwest,9,1045.8833975681137,1.0458833975681137,36.63272057350801,329.6944851615721,80,23,182.3415549513545,0.019010164899558445,0.04397231776733861,268.4569091796875,286.8891906738281,18.432281494140625,1.8938180826185311,0.0,bike,1,Greenbriar,-84.496678,33.686125,-84.506362,33.682871,bike-134
48,Defoors Ferry Road Northwest,Defoors Ferry Road Northwest,8,972.6733354711104,0.9726733354711103,38.74109430993869,309.9287544795095,60,26,197.82872736888385,0.01580423720481407,0.04031415263302386,236.0884552001953,247.03497314453125,10.946517944335938,15.169584814446608,0.0,bike,1,Ridgewood Heights; Westover Plantation,-84.437988,33.821489,-84.447374,33.821063,bike-135
49,Lee Street Southwest - Lee Street Connector Southwest,Lee Street Connector Southwest; Lee Street Southwest,6,360.31253975073093,0.3603125397507309,49.88015251803654,299.28091510821923,164,34,150.07862015465545,0.010401956190643812,0.03926302732650788,323.5788269042969,325.4309387207031,1.85211181640625,6.4947751399387785,0.0,bike,1,West End,-84.413878,33.732161,-84.414103,33.735317,bike-136
50,Utoy Springs Road Southwest - Cascade Road,Cascade Road; Utoy Springs Road Southwest,8,354.7516421831474,0.3547516421831474,36.097796427963715,288.7823714237097,132,35,119.19461752049895,0.021729748429326994,0.05417464886729758,246.4630126953125,253.11874389648438,6.655731201171875,17.030837382784323,0.4814064823061279,bike,1,,-84.504287,33.722995,-84.507287,33.721766,bike-137
51,Greenbriar Parkway Southwest - Campbellton Road Southwest - Mount Gilead Road Southwest,Campbellton Road Southwest; Greenbriar Parkway Southwest; Mount Gilead Road Southwest,5,350.0143365168809,0.3500143365168809,55.08360135674485,275.41800678372425,145,36,133.68432880670562,0.03315137025716725,0.052872509998995544,286.7398986816406,293.3305358886719,6.59063720703125,18.82962073101651,0.0,bike,1,Greenbriar; Southwest,-84.490026,33.693028,-84.489089,33.690447,bike-138
52,Cascade Avenue Southwest,Cascade Avenue Southwest,6,867.4219147144814,0.8674219147144814,44.18549511480101,265.11297068880606,77,17,216.6858707789924,0.032128034951013566,0.05398829339404392,281.92926025390625,309.7978210449219,27.868560791015625,32.12803402619679,0.0,bike,1,Adams Park; Cascade Avenue/Road; Venetian Hills,-84.44631,33.725842,-84.453807,33.721246,bike-139
53,Courtland Street Southeast - Washington Street Southwest,Courtland Street Southeast; Washington Street Southwest,8,669.3886514161306,0.6693886514161307,32.54906417349284,260.3925133879427,119,36,102.73596269842174,0.01759846480779582,0.07145539301251726,312.16363525390625,318.50225830078125,6.338623046875,15.055305046592283,0.4032706258335596,bike,1,Downtown,-84.390934,33.751322,-84.38594,33.752873,bike-140
54,Martin Luther King Junior Drive Southwest,Martin Luther King Junior Drive Southwest,7,353.4285026102143,0.3534285026102143,34.1105028462673,238.7735199238711,61,33,148.90737324269236,0.017401992316155912,0.030048610934019906,283.6777038574219,289.896484375,6.218780517578125,17.59558290191618,0.0,bike,1,Adamsville,-84.500746,33.756155,-84.503583,33.758257,bike-141
55,Alston Drive Southeast - Carter Avenue Southeast,Alston Drive Southeast; Carter Avenue Southeast,5,722.3000823421961,0.7223000823421961,44.30067453122659,221.50337265613294,70,36,133.91945526438485,0.01745674587534607,0.05249789364127472,296.1173400878906,307.06280517578125,10.945465087890625,5.912162173319892,1.0,bike,1,East Lake,-84.30842,33.74524,-84.303021,33.745111,bike-142
56,McKinley Road Northwest,McKinley Road Northwest,4,620.5928291834431,0.620592829183443,53.84209515267272,215.36838061069088,106,26,220.6390345052975,0.012470700374038116,0.08203663519971315,269.2731628417969,277.04296875,7.769805908203125,5.894150334372272,1.0,bike,1,Springlake,-84.412655,33.811176,-84.408341,33.815004,bike-143
57,Chappell Road Southwest - Mozley Place Southwest,Chappell Road Southwest; Mozley Place Southwest,4,547.7358617000708,0.5477358617000708,53.08866022967542,212.35464091870168,63,34,142.4038662777653,0.017916885551564104,0.0465807219543284,300.3856506347656,310.3654479980469,9.97979736328125,19.997427357543664,1.0,bike,1,Mozley Park,-84.433327,33.753708,-84.436165,33.751183,bike-144
58,Donald Lee Hollowell Parkway Northwest - Woodlawn Avenue Northwest,Donald Lee Hollowell Parkway Northwest; Woodlawn Avenue Northwest,6,457.1017381202637,0.45710173812026367,35.340807659254565,212.0448459555274,83,34,108.92044403665928,0.026585777026721165,0.038081452474497,266.2271728515625,274.0557556152344,7.828582763671875,26.62863878043282,0.35095772183540025,bike,1,Grove Park,-84.437607,33.771525,-84.434423,33.771282,bike-145
59,North Morningside Drive Northeast - North Highland Avenue Northeast,North Highland Avenue Northeast; North Morningside Drive Northeast,6,693.827090108744,0.693827090108744,35.31997966973557,211.9198780184134,62,27,128.60754719562925,0.01990633401114517,0.051427194245493475,280.0478515625,293.6013488769531,13.553497314453125,4.188503812461258,0.8203934972039979,bike,1,Morningside/Lenox Park,-84.355669,33.789923,-84.358725,33.795261,bike-146
60,West Marietta Street Northwest,West Marietta Street Northwest,5,365.07079590618537,0.36507079590618535,41.329376036732086,206.64688018366044,79,29,110.66194747182271,0.006644937972844291,0.02163226685823809,292.8683166503906,294.5042419433594,1.63592529296875,2.3973805433392825,0.0,bike,1,Knight Park/Howell Station,-84.42709,33.786236,-84.423299,33.7854,bike-147
61,Atlanta Beltline Eastside Trail,Atlanta Beltline Eastside Trail,4,885.0632668797443,0.8850632668797443,53.9955074517427,200.53635859413248,88,20,159.1066654860408,0.008009377648893194,0.015493323763442191,271.8327331542969,279.61944580078125,7.786712646484375,7.8889024046725975,1.0,bike,2,Midtown; Virginia Highland,-84.368366,33.781804,-84.364648,33.773561,bike-148
62,Marietta Street,Marietta Street,3,488.05133419036395,0.48805133419036395,63.97930347064681,191.93791041194044,132,27,181.36158003246226,0.00677350200971909,0.027506141399521514,302.3168640136719,305.6634826660156,3.34661865234375,0.08360186540789215,0.0,bike,1,Downtown,-84.397578,33.766482,-84.399579,33.770498,bike-149
63,Mangum Street Southwest - Baker Street Northwest,Baker Street Northwest; Mangum Street Southwest,4,1001.6914138331142,1.001691413833114,46.41302189404121,185.65208757616483,70,19,177.7527087572499,0.013547581296941249,0.043294975504158596,308.36761474609375,318.4505310058594,10.082916259765625,10.603982002763807,0.0,bike,1,Castleberry Hill; Downtown,-84.399515,33.753951,-84.395709,33.759585,bike-150
64,Van Vleck Avenue Southeast - Blake Avenue Southeast,Blake Avenue Southeast; Van Vleck Avenue Southeast,3,401.03655506141,0.40103655506141,60.63278175825612,181.89834527476836,69,36,119.9814409212284,0.02608764053425014,0.05453581946226455,308.84576416015625,315.900634765625,7.05487060546875,23.73548921660621,1.0,bike,1,East Atlanta,-84.341688,33.736163,-84.338691,33.735216,bike-151
65,Howell Mill Road Northwest,Howell Mill Road Northwest,3,598.8371105386218,0.5988371105386218,55.85270648299534,167.55811944898602,100,27,116.9932450313724,0.017036447531244562,0.04195163484586268,246.52670288085938,256.728759765625,10.202056884765625,0.0,0.3964701728689489,bike,1,Brandon; Memorial Park; Wildwood (NPU-C),-84.416529,33.825036,-84.416665,33.819911,bike-152
66,Bitsy Grant Connector Trail,Bitsy Grant Connector Trail,2,614.5915489884635,0.6145915489884635,82.64673627056115,165.2934725411223,112,32,219.11574992818063,0.03986826795054763,0.04835997152046353,239.5635528564453,264.0662536621094,24.502700805664062,0.0,1.0,bike,1,Peachtree Battle Alliance,-84.407574,33.81506,-84.407509,33.820591,bike-153
67,Hill Street Southeast,Hill Street Southeast,3,486.5050293218644,0.4865050293218644,53.84718702284356,161.54156106853068,53,23,127.46657122513253,0.03610678386600831,0.056342173458974756,290.90106201171875,308.4671936035156,17.566131591796875,36.106783143192104,0.0,bike,1,Chosewood Park,-84.378658,33.722032,-84.378802,33.717649,bike-154
68,Ridgewood Road Northwest,Ridgewood Road Northwest,3,496.2862456408702,0.4962862456408702,51.36119784841444,154.08359354524333,66,34,109.25450970800972,0.015070277675066291,0.01956886366596113,244.58447265625,252.0636444091797,7.4791717529296875,15.070278128042004,0.0,bike,1,Paces,-84.450085,33.825957,-84.44933,33.829997,bike-155
69,Chappell Road Northwest,Chappell Road Northwest,4,470.6777274551077,0.47067772745510766,36.87090427494927,147.48361709979707,63,31,89.45249720170295,0.018761839578003453,0.07431193812465471,279.8262023925781,288.656982421875,8.830780029296875,3.644841372827654,0.0,bike,1,Grove Park; Historic Westin Heights/Bankhead,-84.432298,33.765938,-84.433984,33.769875,bike-156
70,Atlanta Beltline Northeast Trail,Atlanta Beltline Northeast Trail,3,828.6380795753689,0.828638079575369,48.30634683444547,144.91904050333642,85,30,80.81697191294465,0.012098304732820118,0.028533164796697527,260.1268005371094,270.15191650390625,10.025115966796875,6.2102222166342855,1.0,bike,1,Midtown; Morningside/Lenox Park; Virginia Highland,-84.370476,33.789141,-84.368643,33.782184,bike-157
71,Westside Beltline Connector,Westside Beltline Connector,2,555.1548184313398,0.5551548184313397,65.57492203951556,131.1498440790311,55,25,149.57959261706125,0.005781440720902485,0.007614653530074856,292.3787841796875,295.58837890625,3.2095947265625,0.0,1.0,bike,1,English Avenue,-84.405549,33.765546,-84.407815,33.77017,bike-158
72,Claire Drive Southeast,Claire Drive Southeast,3,413.48831050320746,0.41348831050320745,41.918406554060404,125.75521966218122,45,24,89.92891834649095,0.016467336963972377,0.05807349056751223,293.6205749511719,300.42962646484375,6.809051513671875,21.233454328044164,1.0,bike,1,Lakewood Heights,-84.384889,33.705091,-84.38043,33.705055,bike-159
73,Peeples Street Southwest - Tucker Avenue Southwest,Peeples Street Southwest; Tucker Avenue Southwest,3,370.81269898732546,0.37081269898732544,41.153702688945536,123.4611080668366,66,34,72.11671076344632,0.019163444585762898,0.07673645430856321,304.5481872558594,313.88525390625,9.337066650390625,10.019595004574652,1.0,bike,1,Oakland City,-84.423975,33.726216,-84.42371,33.724226,bike-160
74,Mayson Turner Road Northwest,Mayson Turner Road Northwest,3,382.93917930248665,0.38293917930248667,38.1414103806944,114.4242311420832,57,27,68.11847707732974,0.010738395073925645,0.028687661766709185,291.3029479980469,295.1719970703125,3.869049072265625,0.635711188253294,1.0,bike,1,Washington Park,-84.419683,33.761074,-84.423403,33.762477,bike-161
75,Whetstone Creek PATH Trail - Marietta Road Northwest,Marietta Road Northwest; Whetstone Creek PATH Trail,2,541.067254203626,0.541067254203626,57.00449902594163,114.00899805188325,68,28,207.43828469678422,0.015094283938946101,0.07507367615028866,255.30433654785156,263.48663330078125,8.182296752929688,0.028229481146560466,0.8798617874388758,bike,1,Bolton; Hills Park,-84.450593,33.812613,-84.452375,33.808519,bike-162
76,Cumberland Road Northeast,Cumberland Road Northeast,3,631.1260815525268,0.6311260815525268,37.65510697295528,112.96532091886584,29,22,94.7792687778664,0.020642008539878947,0.061033733392601375,264.6869201660156,279.3613586425781,14.6744384765625,23.251199570875585,1.0,bike,1,Morningside/Lenox Park,-84.366089,33.796196,-84.359276,33.79617,bike-163
77,Atlanta Beltline Eastside Trail,Atlanta Beltline Eastside Trail,3,361.3063983787822,0.3613063983787822,36.15764206835129,108.47292620505385,82,19,64.83960587351712,0.015988038671173006,0.024130561617385866,290.5963439941406,294.08868408203125,3.492340087890625,12.826953715777067,1.0,bike,1,Poncey-Highland,-84.361094,33.767749,-84.359593,33.764845,bike-164
78,unnamed corridor,,2,462.1498664999598,0.46214986649995976,54.12479614636962,108.24959229273924,92,22,104.34622794931738,0.013567003861116207,0.020781905853787478,299.0698547363281,305.33984375,6.269989013671875,13.5670038404575,1.0,bike,1,English Avenue; Marietta Street Artery,-84.410497,33.773159,-84.407208,33.775861,bike-165
79,White Street Southwest,White Street Southwest,2,498.52685871534226,0.49852685871534225,53.17095383818519,106.34190767637038,77,17,108.40438299598353,0.007840360563295911,0.03609584815696234,306.24066162109375,311.399169921875,5.15850830078125,10.347503270083081,0.0,bike,1,West End,-84.42546,33.734617,-84.429815,33.737254,bike-166
80,Defoors Ferry Road Northwest,Defoors Ferry Road Northwest,2,586.5569791908337,0.5865569791908336,45.912846840147424,91.82569368029485,33,21,80.1937204885248,0.02139139531718296,0.07849967744908304,264.2850036621094,276.9388732910156,12.65386962890625,6.784441769683855,0.0,bike,1,Underwood Hills,-84.427394,33.814149,-84.431689,33.816994,bike-167
81,Melvin Drive Southwest,Melvin Drive Southwest,2,777.2049698424538,0.7772049698424538,43.429242047674954,86.85848409534991,49,34,52.98933361871218,0.020483202539086122,0.03162193163569626,264.8703918457031,275.2784423828125,10.408050537109375,13.391641768862051,1.0,bike,1,Kings Forest,-84.509848,33.708274,-84.518225,33.708086,bike-168
82,North Avenue Northwest,North Avenue Northwest,2,842.3744944245668,0.8423744944245668,42.44852903524853,84.89705807049705,36,20,75.89531980485401,0.002717392879012749,0.0028788038876102714,298.2299499511719,299.4317626953125,1.201812744140625,1.4266965014908168,0.0,bike,1,Downtown; English Avenue; Marietta Street Artery,-84.403214,33.770019,-84.403213,33.770103,bike-169
83,Peachtree Battle Trail,Peachtree Battle Trail,1,382.00286506124877,0.38200286506124875,69.25605546731582,69.25605546731582,68,28,48.153133698721376,0.007838884375197225,0.007843016639498048,239.75692749023438,242.75140380859375,2.994476318359375,7.838884448888238,1.0,bike,1,Peachtree Battle Alliance,-84.407508,33.820803,-84.407461,33.823924,bike-170
84,Pryor Road,Pryor Road,1,397.59827122899844,0.39759827122899843,59.74964123492296,59.74964123492296,53,19,72.31418624875363,0.021248033158076524,0.021258043916097657,301.7588195800781,310.2070007324219,8.44818115234375,21.24803291078191,0.0,bike,1,Mechanicsville; Peoplestown,-84.393138,33.731061,-84.392765,33.727616,bike-171
85,unnamed corridor,,1,462.24241935546866,0.46224241935546867,57.986016256299386,57.986016256299386,80,13,104.14562963447388,0.009370782926513657,0.021465103856473607,311.9945373535156,316.32611083984375,4.331573486328125,9.370783175563783,1.0,bike,1,Capitol View; Oakland City,-84.413629,33.722266,-84.417999,33.724252,bike-172
86,unnamed corridor,,1,1365.9958238186352,1.3659958238186352,54.91201234850667,54.91201234850667,26,27,89.44228867271998,0.0022071469793582587,0.0022098432908912832,241.20997619628906,244.2249298095703,3.01495361328125,2.207147021030387,1.0,bike,1,Memorial Park,-84.408076,33.819261,-84.415984,33.823735,bike-173
87,Kimberly Road Southwest,Kimberly Road Southwest,1,402.268078782913,0.402268078782913,44.46736474073376,44.46736474073376,49,34,27.426378185804825,0.021782920330887485,0.05040095861369712,284.1750183105469,293.171875,8.996856689453125,2.15035892127036,0.0,bike,1,Ben Hill Terrace,-84.522008,33.704784,-84.521202,33.708278,bike-174
88,Woodbine Avenue Southeast,Woodbine Avenue Southeast,1,371.6590598034561,0.3716590598034561,43.631371540145,43.631371540145,44,24,31.966540350154062,0.02188007348016886,0.03951213353820194,290.8650207519531,298.9969482421875,8.131927490234375,21.88007335146026,1.0,bike,1,Kirkwood,-84.336884,33.750835,-84.334689,33.753312,bike-175
89,Dale Creek Drive Northwest,Dale Creek Drive Northwest,1,408.12390887116925,0.4081239088711692,42.46418548973741,42.46418548973741,35,36,28.48196129454178,0.011809409182583584,0.05704194910187902,274.0698547363281,280.24114990234375,6.171295166015625,3.9800636413392034,1.0,bike,1,Collier Heights,-84.472218,33.764569,-84.476622,33.764587,bike-176
90,Hollywood Road Northwest,Hollywood Road Northwest,1,480.7711129914362,0.4807711129914362,36.3360379036609,36.3360379036609,29,12,39.50987497900813,0.024695904025845525,0.024699681671807944,239.24288940429688,251.115966796875,11.873077392578125,24.69590429154926,0.0,bike,1,Carey Park; Scotts Crossing,-84.469515,33.794876,-84.470038,33.799186,bike-177
