n_edges,distance_m,elev_gain_m,elev_loss_m,net_change_m,max_grade,max_abs_grade_any,avg_abs_grade,p95_grade,start_elev_m,end_elev_m,d_above_3,d_above_5,d_above_8,d_above_10,d_above_15,mode,origin,destination,alpha,route_key,pareto_optimal
313,12288.322176255573,111.43940091133118,69.42391705513,42.01548385620117,0.10332758187750449,0.3977041141349372,0.01487714838040872,0.03299675839765972,29.66531753540039,71.68080139160156,524.1205590367317,59.517600297927856,33.07223320007324,14.17381477355957,0.0,walk,Bayview,Golden Gate Park,0.0,-8168147800765834358,True
311,12288.761703530796,110.89147973060608,68.87599587440491,42.01548385620117,0.10332758187750449,0.3977041141349372,0.014787441917320319,0.033009683709874754,29.66531753540039,71.68080139160156,524.1205590367317,59.517600297927856,33.07223320007324,14.17381477355957,0.0,walk,Bayview,Golden Gate Park,2.0,2331689322966639583,True
311,12290.043701676974,110.48216843605042,68.46668457984924,42.01548385620117,0.10332758187750449,0.3977041141349372,0.014722453206185959,0.033009683709874754,29.66531753540039,71.68080139160156,524.1205590367317,59.517600297927856,33.07223320007324,14.17381477355957,0.0,walk,Bayview,Golden Gate Park,4.0,5795087821727423785,True
307,12292.171773628706,110.20732998847961,68.19184613227844,42.01548385620117,0.10332758187750449,0.3977041141349372,0.0147116409346089,0.03303553433430481,29.66531753540039,71.68080139160156,524.1205590367317,59.517600297927856,33.07223320007324,14.17381477355957,0.0,walk,Bayview,Golden Gate Park,9.0,-1112777669712958506,True
308,12296.987746186382,109.75286602973938,67.73738217353821,42.01548385620117,0.10332758187750449,0.3977041141349372,0.014635215336492653,0.0330290716781973,29.66531753540039,71.68080139160156,524.1205590367317,59.517600297927856,33.07223320007324,14.17381477355957,0.0,walk,Bayview,Golden Gate Park,13.0,2869047203456275027,True
311,12304.480630334732,109.24100232124329,67.22551846504211,42.01548385620117,0.10332758187750449,0.3977041141349372,0.014543841746470233,0.033009683709874754,29.66531753540039,71.68080139160156,524.1205590367317,59.517600297927856,33.07223320007324,14.17381477355957,0.0,walk,Bayview,Golden Gate Park,18.0,-4627551105583967801,True
310,12331.067997929282,108.48014760017395,66.46466374397278,42.01548385620117,0.10332758187750449,0.3977041141349372,0.014448201825265029,0.03189889322792907,29.66531753540039,71.68080139160156,500.87349635362625,59.517600297927856,33.07223320007324,14.17381477355957,0.0,walk,Bayview,Golden Gate Park,25.0,-4109804137931069850,True
310,12331.353463853335,108.47088551521301,66.45540165901184,42.01548385620117,0.10332758187750449,0.3977041141349372,0.014446365154358987,0.03189889322792907,29.66531753540039,71.68080139160156,500.87349635362625,59.517600297927856,33.07223320007324,14.17381477355957,0.0,walk,Bayview,Golden Gate Park,35.0,-1304766355833386145,True
311,12394.036210361824,107.49735188484192,65.48186802864075,42.01548385620117,0.10332758187750449,0.3977041141349372,0.014202539861477377,0.030413915552303585,29.66531753540039,71.68080139160156,461.8174050450325,59.517600297927856,33.07223320007324,14.17381477355957,0.0,walk,Bayview,Golden Gate Park,50.0,5411540153052052676,True
315,12404.041916390386,107.37222218513489,65.35673832893372,42.01548385620117,0.10332758187750449,0.3977041141349372,0.0141669528234624,0.030331382398923457,29.66531753540039,71.68080139160156,461.8174050450325,59.517600297927856,33.07223320007324,14.17381477355957,0.0,walk,Bayview,Golden Gate Park,80.0,8863812148868723359,True
316,12421.866422556493,107.19953942298889,65.18405556678772,42.01548385620117,0.10332758187750449,0.3977041141349372,0.014119479008033713,0.03031074911057842,29.66531753540039,71.68080139160156,461.8174050450325,59.517600297927856,33.07223320007324,14.17381477355957,0.0,walk,Bayview,Golden Gate Park,140.0,-944226214995857949,True
323,12563.516064308038,106.28522682189941,64.26974296569824,42.01548385620117,0.10332758187750449,0.3977041141349372,0.013837340966920322,0.030578981859063843,29.66531753540039,71.68080139160156,458.9008341431618,59.517600297927856,33.07223320007324,14.17381477355957,0.0,walk,Bayview,Golden Gate Park,250.0,6203535714447340689,True
251,8129.213675678413,74.69048595428467,148.23207139968872,-73.54158544540405,0.08687544249050236,0.1292955608696679,0.027504863718106155,0.03160104750930904,81.24977111816406,7.70818567276001,511.91385984420776,279.37662506103516,92.63841152191162,0.0,0.0,walk,Bernal Heights,Marina,0.0,-8188133920884709726,True
250,8136.7466661349645,74.1619005203247,147.70348596572876,-73.54158544540405,0.08687544249050236,0.1292955608696679,0.027349474234339043,0.030740805259914326,81.24977111816406,7.70818567276001,504.7733612060547,279.37662506103516,92.63841152191162,0.0,0.0,walk,Bernal Heights,Marina,9.0,6263535134446367477,True
258,8790.142257626214,54.66016483306885,128.2017502784729,-73.54158544540405,0.08250321815604494,0.1151823058612072,0.02095503447931158,0.030278332524125474,81.24977111816406,7.70818567276001,447.6749777793884,190.97397708892822,9.596519470214844,0.0,0.0,walk,Bernal Heights,Marina,13.0,3973219457981936729,True
259,8253.280946041668,132.07689762115479,44.93614101409912,87.14075660705566,0.6,0.6,0.02151165190716237,0.05769084441147813,30.168310165405273,117.30906677246094,1482.2040579319,453.8805310726166,150.5675187110901,34.88832235336304,0.8489270210266113,walk,Chinatown,Inner Sunset,0.0,-4955250412404127575,False
257,8246.214003027024,131.7923402786255,44.651583671569824,87.14075660705566,0.6,0.6,0.021436355010042176,0.055167368378597474,30.168310165405273,117.30906677246094,1479.8434867858887,446.622567653656,155.4649109840393,34.88832235336304,0.8489270210266113,walk,Chinatown,Inner Sunset,2.0,-5691906094617762440,True
257,8246.28657581063,131.76999378204346,44.62923717498779,87.14075660705566,0.6,0.6,0.02143074658335808,0.055167368378597474,30.168310165405273,117.30906677246094,1479.8434867858887,446.622567653656,155.4649109840393,34.88832235336304,0.8489270210266113,walk,Chinatown,Inner Sunset,4.0,-409011634225012481,True
256,8247.172040379459,131.61569690704346,44.47494029998779,87.14075660705566,0.6,0.6,0.02139102751889676,0.05530724688824001,30.168310165405273,117.30906677246094,1479.8434867858887,446.622567653656,155.4649109840393,34.88832235336304,0.8489270210266113,walk,Chinatown,Inner Sunset,6.0,-6492791685580667208,True
262,8462.172713287782,124.4804859161377,37.33972930908203,87.14075660705566,0.6,0.6,0.019175460916376032,0.053330339774039864,30.168310165405273,117.30906677246094,1356.3259625434875,398.9537887573242,155.4649109840393,34.88832235336304,0.8489270210266113,walk,Chinatown,Inner Sunset,13.0,-2335520793304019505,True
262,8462.41512299244,124.46686744689941,37.32611083984375,87.14075660705566,0.6,0.6,0.01917169304894435,0.053330339774039864,30.168310165405273,117.30906677246094,1356.3259625434875,398.9537887573242,155.4649109840393,34.88832235336304,0.8489270210266113,walk,Chinatown,Inner Sunset,18.0,2155193664111496330,True
262,8591.314949340964,122.65599250793457,35.515235900878906,87.14075660705566,0.6,0.6,0.01846953497503392,0.04299173484884784,30.168310165405273,117.30906677246094,1236.8011627197266,356.38136434555054,155.4649109840393,34.88832235336304,0.8489270210266113,walk,Chinatown,Inner Sunset,25.0,-9211092468354172828,True
263,8594.884651148268,122.5770378112793,35.43628120422363,87.14075660705566,0.6,0.6,0.018442857984525364,0.04294304261998979,30.168310165405273,117.30906677246094,1236.8011627197266,356.38136434555054,155.4649109840393,34.88832235336304,0.8489270210266113,walk,Chinatown,Inner Sunset,50.0,-53641471242887683,True
262,8596.5558606181,122.55080795288086,35.410051345825195,87.14075660705566,0.6,0.6,0.0184331701989339,0.04299173484884784,30.168310165405273,117.30906677246094,1236.8011627197266,356.38136434555054,155.4649109840393,34.88832235336304,0.8489270210266113,walk,Chinatown,Inner Sunset,140.0,723882213274906252,True
259,8600.019915804198,122.48251724243164,35.34176063537598,87.14075660705566,0.6,0.6,0.018409427401290604,0.045281510992226506,30.168310165405273,117.30906677246094,1238.127078652382,357.7072802782059,156.12786895036697,34.88832235336304,0.8489270210266113,walk,Chinatown,Inner Sunset,250.0,8895319644558918840,True
192,7360.25482570196,32.74523401260376,142.0039346218109,-109.25870060920715,0.07200837842041853,0.3977041141349372,0.024061163369860104,0.02510295307307866,112.73072052001953,3.472019910812378,299.70970034599304,1.1020543575286865,0.0,0.0,0.0,walk,Excelsior,South of Market,0.0,1582250515506926958,True
193,7366.90250019851,32.550602436065674,141.80930304527283,-109.25870060920715,0.07200837842041853,0.3977041141349372,0.023986611827875964,0.023868244410951717,112.73072052001953,3.472019910812378,294.8260009288788,1.1020543575286865,0.0,0.0,0.0,walk,Excelsior,South of Market,25.0,-235312147462768144,True
195,7372.195566145852,32.377304553985596,141.63600516319275,-109.25870060920715,0.07200837842041853,0.3977041141349372,0.02392237609863118,0.02362038032617748,112.73072052001953,3.472019910812378,294.8260009288788,1.1020543575286865,0.0,0.0,0.0,walk,Excelsior,South of Market,35.0,6598065958311376328,True
195,7374.198165769305,32.32270622253418,141.58140683174133,-109.25870060920715,0.07200837842041853,0.3977041141349372,0.023901071594530338,0.02362038032617748,112.73072052001953,3.472019910812378,294.8260009288788,1.1020543575286865,0.0,0.0,0.0,walk,Excelsior,South of Market,50.0,2117115805157692160,True
195,8433.478022631562,19.535511016845703,128.79421162605286,-109.25870060920715,0.04811619256223289,0.3977041141349372,0.01797981000645815,0.02014651869056083,112.73072052001953,3.472019910812378,91.3631944656372,0.0,0.0,0.0,0.0,walk,Excelsior,South of Market,80.0,-2881864936377872509,True
195,8443.02758376612,19.448134899139404,128.70683550834656,-109.25870060920715,0.04811619256223289,0.3977041141349372,0.01793877596575971,0.02014651869056083,112.73072052001953,3.472019910812378,91.3631944656372,0.0,0.0,0.0,0.0,walk,Excelsior,South of Market,140.0,4498697795186998039,True
153,5118.334502826352,20.900184631347656,106.01688194274902,-85.11669731140137,0.031280025456154104,0.22759036343620348,0.024961532404310607,0.020375026417360907,89.87631225585938,4.759614944458008,68.81283855438232,0.0,0.0,0.0,0.0,walk,Haight Ashbury,Financial District,0.0,-4835681459399592528,False
153,5120.622398464306,20.596588134765625,105.71328544616699,-85.11669731140137,0.031280025456154104,0.22759036343620348,0.024832135365230854,0.020375026417360907,89.87631225585938,4.759614944458008,68.81283855438232,0.0,0.0,0.0,0.0,walk,Haight Ashbury,Financial District,9.0,-2276983481272175311,False
153,5118.250107380502,20.377689361572266,105.49438667297363,-85.11669731140137,0.031280025456154104,0.22759036343620348,0.024809047554627844,0.020375026417360907,89.87631225585938,4.759614944458008,68.81283855438232,0.0,0.0,0.0,0.0,walk,Haight Ashbury,Financial District,18.0,84918433013782611,True
157,5122.527580099308,20.243184089660645,105.35988140106201,-85.11669731140137,0.031280025456154104,0.22759036343620348,0.024637252552475664,0.019515771895529672,89.87631225585938,4.759614944458008,68.81283855438232,0.0,0.0,0.0,0.0,walk,Haight Ashbury,Financial District,35.0,-6116042640568864863,True
187,5604.682079999577,11.34350299835205,96.46020030975342,-85.11669731140137,0.05641230599711155,0.09188649166274057,0.019330997369943814,0.015157407343230952,89.87631225585938,4.759614944458008,89.69415783882141,57.49686336517334,0.0,0.0,0.0,walk,Haight Ashbury,Financial District,80.0,-461946522153804348,True
187,5747.45368682669,10.114765167236328,95.2314624786377,-85.11669731140137,0.05641230599711155,0.09188649166274057,0.018415455175506554,0.013374410705259855,89.87631225585938,4.759614944458008,89.69415783882141,57.49686336517334,0.0,0.0,0.0,walk,Haight Ashbury,Financial District,140.0,4733558879591685814,True
154,4652.990429518992,37.52482032775879,71.15718650817871,-33.63236618041992,0.06893079306837144,0.11967408477550767,0.023357735497639896,0.0372591585421631,55.82271957397461,22.190353393554688,412.39723739027977,53.3375244140625,0.0,0.0,0.0,walk,Inner Richmond,Downtown/Civic Center,0.0,2074999186419294322,True
143,4660.043258816357,35.64589881896973,69.27826499938965,-33.63236618041992,0.06893079306837144,0.11967408477550767,0.022515987669900754,0.0389681707708431,55.82271957397461,22.190353393554688,412.39723739027977,53.3375244140625,0.0,0.0,0.0,walk,Inner Richmond,Downtown/Civic Center,4.0,-7884847947835721453,True
142,4660.064331124351,35.64362907409668,69.2759952545166,-33.63236618041992,0.06893079306837144,0.11967408477550767,0.02251491172088298,0.039123535518904864,55.82271957397461,22.190353393554688,412.39723739027977,53.3375244140625,0.0,0.0,0.0,walk,Inner Richmond,Downtown/Civic Center,13.0,3594185055719665317,True
142,4676.829247432841,35.42925834655762,69.06162452697754,-33.63236618041992,0.06893079306837144,0.11967408477550767,0.02234224894875681,0.039123535518904864,55.82271957397461,22.190353393554688,393.59365329146385,53.3375244140625,0.0,0.0,0.0,walk,Inner Richmond,Downtown/Civic Center,80.0,-344518546957775654,True
140,4964.6114357656925,32.577802658081055,66.21016883850098,-33.63236618041992,0.06893079306837144,0.07855137760271344,0.019902815580264625,0.039294519853969895,55.82271957397461,22.190353393554688,388.55059349536896,53.3375244140625,0.0,0.0,0.0,walk,Inner Richmond,Downtown/Civic Center,140.0,-7756917975124682327,True
146,5116.25124084643,31.775110244750977,65.4074764251709,-33.63236618041992,0.07035455087561686,0.12479831073121121,0.019029528290343316,0.039160152313059235,55.82271957397461,22.190353393554688,300.2680604457855,80.50660467147827,0.0,0.0,0.0,walk,Inner Richmond,Downtown/Civic Center,250.0,768602947951852766,True
202,6553.516671054493,58.3400354385376,64.02164888381958,-5.681613445281982,0.08250321815604494,0.08250321815604494,0.01881506526697278,0.04382363689116719,13.389799118041992,7.70818567276001,447.6749777793884,190.97397708892822,9.596519470214844,0.0,0.0,walk,Mission,Marina,0.0,-1828155545498240910,True
205,6553.775129317612,55.78457164764404,61.466185092926025,-5.681613445281982,0.08250321815604494,0.08250321815604494,0.018034478392972737,0.043152907539987774,13.389799118041992,7.70818567276001,447.6749777793884,190.97397708892822,9.596519470214844,0.0,0.0,walk,Mission,Marina,2.0,8560172862633593974,True
207,6597.593271217051,54.35285663604736,60.034470081329346,-5.681613445281982,0.08250321815604494,0.08250321815604494,0.017505795317205603,0.042705754639201544,13.389799118041992,7.70818567276001,447.6749777793884,190.97397708892822,9.596519470214844,0.0,0.0,walk,Mission,Marina,6.0,-528093799395551053,True
207,6598.442923933154,54.334399700164795,60.01601314544678,-5.681613445281982,0.08250321815604494,0.08250321815604494,0.017497946848010714,0.042705754639201544,13.389799118041992,7.70818567276001,447.6749777793884,190.97397708892822,9.596519470214844,0.0,0.0,walk,Mission,Marina,50.0,-7379176527065861417,True
209,6599.610253246617,54.322203159332275,60.00381660461426,-5.681613445281982,0.08250321815604494,0.08250321815604494,0.017491155673915952,0.042258601738415315,13.389799118041992,7.70818567276001,447.6749777793884,190.97397708892822,9.596519470214844,0.0,0.0,walk,Mission,Marina,140.0,2755959443676039656,True
294,10433.626039227736,37.03056311607361,42.71217656135559,-5.681613445281982,0.0813866263284462,0.0813866263284462,0.008146098886437842,0.018042493813355064,13.389799118041992,7.70818567276001,292.5450441837311,224.0384087562561,14.752565383911133,0.0,0.0,walk,Mission,Marina,250.0,8123500240789364013,True
285,9965.187406248333,111.65907573699951,58.371888160705566,53.287187576293945,0.06964832949350118,0.06964832949350118,0.017112569672023233,0.035493537200252834,13.389799118041992,66.67698669433594,656.8942947983742,31.00388765335083,0.0,0.0,0.0,walk,Mission,Outer Sunset,0.0,8220642371080639374,True
284,9971.35990801595,106.82572746276855,53.53853988647461,53.287187576293945,0.06964832949350118,0.06964832949350118,0.016130793949932682,0.03550791338575864,13.389799118041992,66.67698669433594,604.2053775191307,29.152342438697815,0.0,0.0,0.0,walk,Mission,Outer Sunset,2.0,-2877222928535972805,False
277,9970.249761945666,105.53451728820801,52.24732971191406,53.287187576293945,0.06964832949350118,0.06964832949350118,0.015898666006170643,0.03556384570997186,13.389799118041992,66.67698669433594,604.2053775191307,29.152342438697815,0.0,0.0,0.0,walk,Mission,Outer Sunset,4.0,-1599653828692525229,True
279,9974.342939360018,105.05426597595215,51.7670783996582,53.287187576293945,0.06964832949350118,0.06964832949350118,0.015761290836542534,0.03561928619197695,13.389799118041992,66.67698669433594,604.1569172739983,29.152342438697815,0.0,0.0,0.0,walk,Mission,Outer Sunset,9.0,-9016943978265633053,True
279,9974.483683400718,105.04348278045654,51.7562952041626,53.287187576293945,0.06964832949350118,0.06964832949350118,0.015758906282868742,0.03561928619197695,13.389799118041992,66.67698669433594,604.1569172739983,29.152342438697815,0.0,0.0,0.0,walk,Mission,Outer Sunset,18.0,3522088657291909677,True
276,9990.083521447315,103.80457782745361,50.51739025115967,53.287187576293945,0.06964832949350118,0.06964832949350118,0.015485909312290118,0.03557761017995085,13.389799118041992,66.67698669433594,598.612950026989,29.152342438697815,0.0,0.0,0.0,walk,Mission,Outer Sunset,25.0,7830956074066783177,True
276,9992.014868954506,103.73400974273682,50.44682216644287,53.287187576293945,0.06964832949350118,0.06964832949350118,0.015468791161784802,0.03557761017995085,13.389799118041992,66.67698669433594,598.612950026989,29.152342438697815,0.0,0.0,0.0,walk,Mission,Outer Sunset,35.0,-3633664467322325409,True
274,9998.838851766719,102.05378818511963,48.766600608825684,53.287187576293945,0.06964832949350118,0.06964832949350118,0.0151221507568263,0.03498187092891615,13.389799118041992,66.67698669433594,603.6821195483208,108.06758987903595,0.0,0.0,0.0,walk,Mission,Outer Sunset,80.0,6885742887287115898,True
276,10104.793029809509,101.01490116119385,47.7277135848999,53.287187576293945,0.06964832949350118,0.06964832949350118,0.014776337099608645,0.03406334805465186,13.389799118041992,66.67698669433594,584.3845221400261,108.06758987903595,0.0,0.0,0.0,walk,Mission,Outer Sunset,140.0,-670666841460043973,False
276,10103.026059009533,101.00866794586182,47.72148036956787,53.287187576293945,0.06964832949350118,0.06964832949350118,0.014777687481173621,0.03543068120323055,13.389799118041992,66.67698669433594,590.6109709143639,108.06758987903595,0.0,0.0,0.0,walk,Mission,Outer Sunset,250.0,876070223454335413,True
201,6548.592950484484,14.201147079467773,76.23883438110352,-62.03768730163574,0.05375031256772301,0.08287362288374672,0.01400427632007379,0.015465519210461496,66.79730224609375,4.759614944458008,0.35755038261413574,0.35755038261413574,0.0,0.0,0.0,walk,Noe Valley,Financial District,0.0,-6130675717867813542,False
201,6544.747228094244,14.144903182983398,76.18259048461914,-62.03768730163574,0.023974659881102724,0.08287362288374672,0.013995317801614154,0.014840691480900739,66.79730224609375,4.759614944458008,0.0,0.0,0.0,0.0,0.0,walk,Noe Valley,Financial District,6.0,-3872425703282006216,True
198,6552.511909566752,14.060757637023926,76.09844493865967,-62.03768730163574,0.023974659881102724,0.08287362288374672,0.013943137313956517,0.014934415640334838,66.79730224609375,4.759614944458008,0.0,0.0,0.0,0.0,0.0,walk,Noe Valley,Financial District,140.0,-4576808461389905775,True
231,7362.0944276559585,10.298524379730225,72.33621168136597,-62.03768730163574,0.025368709313757298,0.07596551312614168,0.011315511296931655,0.011761957179383822,66.79730224609375,4.759614944458008,0.0,0.0,0.0,0.0,0.0,walk,Noe Valley,Financial District,250.0,2791390197047063085,True
259,9135.422653000924,64.61503791809082,124.93864059448242,-60.3236026763916,0.07404066611578022,0.07856016615097698,0.020837428879534676,0.028837776121799153,73.7134017944336,13.389799118041992,466.41258704662323,189.31805884838104,0.0,0.0,0.0,walk,Outer Richmond,Mission,0.0,1938919454254755385,True
242,9135.696304820283,51.579596519470215,111.90319919586182,-60.3236026763916,0.07404066611578022,0.07404066611578022,0.017926406921823124,0.029575736149131875,73.7134017944336,13.389799118041992,470.4347904920578,189.31805884838104,0.0,0.0,0.0,walk,Outer Richmond,Mission,2.0,6009199607393788999,True
245,9147.449774231987,50.65141487121582,110.97501754760742,-60.3236026763916,0.07404066611578022,0.07404066611578022,0.01770063831599168,0.029584888303374687,73.7134017944336,13.389799118041992,470.4347904920578,189.31805884838104,0.0,0.0,0.0,walk,Outer Richmond,Mission,13.0,-4446731685966261846,True
245,9147.59051827269,50.640631675720215,110.96423435211182,-60.3236026763916,0.07404066611578022,0.07404066611578022,0.017698008372810034,0.029584888303374687,73.7134017944336,13.389799118041992,470.4347904920578,189.31805884838104,0.0,0.0,0.0,walk,Outer Richmond,Mission,18.0,-1332972119692812500,True
244,9156.750395418152,50.33335018157959,110.65695285797119,-60.3236026763916,0.07404066611578022,0.07404066611578022,0.017612986018735274,0.029506692710273483,73.7134017944336,13.389799118041992,466.41258704662323,189.31805884838104,0.0,0.0,0.0,walk,Outer Richmond,Mission,25.0,-2904923862053954295,True
240,9161.742375771339,50.18539237976074,110.50899505615234,-60.3236026763916,0.07404066611578022,0.07404066611578022,0.017571419890622865,0.029262839112072836,73.7134017944336,13.389799118041992,465.981653213501,188.8871250152588,0.0,0.0,0.0,walk,Outer Richmond,Mission,35.0,-6511585920463215686,True
240,9165.605500653899,50.09079170227051,110.41439437866211,-60.3236026763916,0.07404066611578022,0.07404066611578022,0.017543371340321006,0.029262839112072836,73.7134017944336,13.389799118041992,465.981653213501,188.8871250152588,0.0,0.0,0.0,walk,Outer Richmond,Mission,50.0,-5512325193568401995,False
240,9165.572164530851,49.6821231842041,110.0057258605957,-60.3236026763916,0.07404066611578022,0.07404066611578022,0.017455283476858773,0.029554444825151016,73.7134017944336,13.389799118041992,508.8284273147583,188.8871250152588,0.0,0.0,0.0,walk,Outer Richmond,Mission,80.0,-2521988210796776875,True
266,9733.970084441637,47.79805278778076,108.12165546417236,-60.3236026763916,0.0554576401386441,0.05688476171106122,0.016056941693335203,0.02114980524409182,73.7134017944336,13.389799118041992,368.16611099243164,44.33546447753906,0.0,0.0,0.0,walk,Outer Richmond,Mission,250.0,-2343573927056788314,True
260,10260.934676943776,84.08342552185059,122.28700065612793,-38.203575134277344,0.07726788917350193,0.07726788917350193,0.020167840125352696,0.033791594979717746,60.39392852783203,22.190353393554688,896.316832780838,233.18019258975983,0.0,0.0,0.0,walk,Parkside,Downtown/Civic Center,0.0,-8805108061259273415,True
261,10261.905683169825,82.90250587463379,121.10608100891113,-38.203575134277344,0.07726788917350193,0.07726788917350193,0.019935317783739772,0.0337432053700571,60.39392852783203,22.190353393554688,896.316832780838,233.18019258975983,0.0,0.0,0.0,walk,Parkside,Downtown/Civic Center,2.0,1832187140414275116,True
261,10261.978255953432,82.88015937805176,121.0837345123291,-38.203575134277344,0.07726788917350193,0.07726788917350193,0.01993082159810423,0.0337432053700571,60.39392852783203,22.190353393554688,896.316832780838,233.18019258975983,0.0,0.0,0.0,walk,Parkside,Downtown/Civic Center,4.0,8728478621911515873,True
261,10273.640637161978,81.66092109680176,119.8644962310791,-38.203575134277344,0.07726788917350193,0.07726788917350193,0.01971683129997843,0.033181362121629684,60.39392852783203,22.190353393554688,893.7551927566528,231.89937257766724,0.0,0.0,0.0,walk,Parkside,Downtown/Civic Center,9.0,-3267611403113595676,True
260,10274.918700547327,81.5684585571289,119.77203369140625,-38.203575134277344,0.07726788917350193,0.07726788917350193,0.01969638106973777,0.033209454284051046,60.39392852783203,22.190353393554688,893.7551927566528,231.89937257766724,0.0,0.0,0.0,walk,Parkside,Downtown/Civic Center,18.0,8152092317928836449,True
261,10277.168105292196,78.16636276245117,116.36993789672852,-38.203575134277344,0.07726788917350193,0.07726788917350193,0.0189836778122669,0.030467474248247514,60.39392852783203,22.190353393554688,890.0837261676788,288.1437816619873,0.0,0.0,0.0,walk,Parkside,Downtown/Civic Center,35.0,2119407757446242150,True
258,10278.52377843338,78.03329086303711,116.23686599731445,-38.203575134277344,0.07726788917350193,0.07726788917350193,0.01895528078788457,0.030493898597683512,60.39392852783203,22.190353393554688,890.0837261676788,288.1437816619873,0.0,0.0,0.0,walk,Parkside,Downtown/Civic Center,50.0,1856499751990915106,True
286,11338.57308537757,70.07021713256836,108.2737922668457,-38.203575134277344,0.0711076191761362,0.0711076191761362,0.01579491621837491,0.03165412172982584,60.39392852783203,22.190353393554688,685.3310388922691,160.81840801239014,0.0,0.0,0.0,walk,Parkside,Downtown/Civic Center,140.0,-315835386641633527,True
183,5653.406306419078,39.30292773246765,21.37732768058777,17.925600051879883,0.10985472370013685,0.10985472370013685,0.010774407823282383,0.025858372915692034,15.860441207885742,33.786041259765625,50.85517239570618,13.88953959941864,7.45195198059082,3.72597599029541,0.0,walk,Potrero Hill,Western Addition,0.0,97441094542683102,True
183,5653.8027814359875,39.21237826347351,21.286778211593628,17.925600051879883,0.10985472370013685,0.10985472370013685,0.010744721222135793,0.025858372915692034,15.860441207885742,33.786041259765625,50.85517239570618,13.88953959941864,7.45195198059082,3.72597599029541,0.0,walk,Potrero Hill,Western Addition,6.0,4633911558691034924,True
182,5661.355319072423,38.70937418937683,20.78377413749695,17.925600051879883,0.1158870289350065,0.1158870289350065,0.010552689790855767,0.02479511334429196,15.860441207885742,33.786041259765625,44.59534531831741,14.770211160182953,8.332623541355133,4.606647551059723,0.0,walk,Potrero Hill,Western Addition,35.0,8302803431622455533,True
181,5662.26411364349,38.6681592464447,20.74255919456482,17.925600051879883,0.1158870289350065,0.1158870289350065,0.010543693787606315,0.025966002897464723,15.860441207885742,33.786041259765625,54.22965317964554,13.010134756565094,8.332623541355133,4.606647551059723,0.0,walk,Potrero Hill,Western Addition,80.0,-1713067802905956799,True
191,5865.964223905228,37.13029885292053,19.20469880104065,17.925600051879883,0.1158870289350065,0.1158870289350065,0.009618726170359514,0.020771996317837514,15.860441207885742,33.786041259765625,21.487084209918976,8.332623541355133,8.332623541355133,4.606647551059723,0.0,walk,Potrero Hill,Western Addition,140.0,-3964533855877835039,True
190,5881.020069901372,37.04987072944641,19.12427067756653,17.925600051879883,0.1158870289350065,0.1158870289350065,0.009566749763862353,0.020772458004526973,15.860441207885742,33.786041259765625,21.487084209918976,8.332623541355133,8.332623541355133,4.606647551059723,0.0,walk,Potrero Hill,Western Addition,250.0,-6064109319339654471,True
160,7588.478938593868,66.49996566772461,109.0484790802002,-42.548513412475586,0.07971481523740213,0.3977041141349372,0.023400547090041957,0.04350725060239775,55.93831253051758,13.389799118041992,676.6393508911133,418.01135063171387,0.0,0.0,0.0,walk,Visitacion Valley,Mission,0.0,4601046279100049824,True
158,7588.91846586909,65.95204448699951,108.5005578994751,-42.548513412475586,0.07971481523740213,0.3977041141349372,0.023254791457095685,0.04367480812002712,55.93831253051758,13.389799118041992,676.6393508911133,418.01135063171387,0.0,0.0,0.0,walk,Visitacion Valley,Mission,2.0,4815837669986653297,True
158,7590.200464015268,65.54273319244385,108.09124660491943,-42.548513412475586,0.07971481523740213,0.3977041141349372,0.02314813166198117,0.04367480812002712,55.93831253051758,13.389799118041992,676.6393508911133,418.01135063171387,0.0,0.0,0.0,walk,Visitacion Valley,Mission,4.0,-4005610189054000448,True
154,7592.328535967001,65.26789474487305,107.81640815734863,-42.548513412475586,0.07971481523740213,0.3977041141349372,0.02312826466745243,0.044009923155285784,55.93831253051758,13.389799118041992,676.6393508911133,418.01135063171387,0.0,0.0,0.0,walk,Visitacion Valley,Mission,9.0,-8776354504735086422,True
155,7596.225141353186,65.01194763183594,107.56046104431152,-42.548513412475586,0.07971481523740213,0.3977041141349372,0.023052776039818552,0.04392614439647109,55.93831253051758,13.389799118041992,676.6393508911133,418.01135063171387,0.0,0.0,0.0,walk,Visitacion Valley,Mission,18.0,3867972545598991986,True
156,7602.872815849735,64.81731605529785,107.36582946777344,-42.548513412475586,0.07971481523740213,0.3977041141349372,0.022981420050649685,0.041933232215968876,55.93831253051758,13.389799118041992,671.755651473999,418.01135063171387,0.0,0.0,0.0,walk,Visitacion Valley,Mission,25.0,-7523351057320237765,True
157,7665.555562358225,63.84378242492676,106.39229583740234,-42.548513412475586,0.07971481523740213,0.3977041141349372,0.022517398863595276,0.035040740087756185,55.93831253051758,13.389799118041992,632.6995601654053,418.01135063171387,0.0,0.0,0.0,walk,Visitacion Valley,Mission,50.0,-2861826287769694488,True
157,7666.590109024066,63.829434394836426,106.37794780731201,-42.548513412475586,0.07971481523740213,0.3977041141349372,0.022515313878908972,0.035040740087756185,55.93831253051758,13.389799118041992,632.6995601654053,418.01135063171387,0.0,0.0,0.0,walk,Visitacion Valley,Mission,80.0,3331551447242860246,True
157,7676.139670158623,63.74205827713013,106.29057168960571,-42.548513412475586,0.07971481523740213,0.3977041141349372,0.022464537886581537,0.035040740087756185,55.93831253051758,13.389799118041992,632.6995601654053,418.01135063171387,0.0,0.0,0.0,walk,Visitacion Valley,Mission,140.0,1973331759966688058,True
182,7532.268026496411,74.36400032043457,264.4190845489502,-190.05508422851562,0.07921510186620127,0.15222014811325638,0.045037088097066906,0.04828764852587212,212.2454376220703,22.190353393554688,1141.78835105896,528.328239440918,0.0,0.0,0.0,walk,West of Twin Peaks,Downtown/Civic Center,0.0,-8730355824187169721,True
182,7532.3339992822,74.2697925567627,264.3248767852783,-190.05508422851562,0.07921510186620127,0.15222014811325638,0.04501167940465692,0.04828764852587212,212.2454376220703,22.190353393554688,1141.78835105896,528.328239440918,0.0,0.0,0.0,walk,West of Twin Peaks,Downtown/Civic Center,2.0,-3245173758025130669,True
181,7648.471433701767,69.4777774810791,259.5328617095947,-190.05508422851562,0.07921510186620127,0.16237783209330317,0.043077421374680985,0.04830399781572396,212.2454376220703,22.190353393554688,1063.7580590248108,470.6039752960205,0.0,0.0,0.0,walk,West of Twin Peaks,Downtown/Civic Center,9.0,-2026980371961031576,False
181,7646.0991426179635,69.25887870788574,259.31396293640137,-190.05508422851562,0.07921510186620127,0.16237783209330317,0.04306762735313097,0.04830399781572396,212.2454376220703,22.190353393554688,1063.7580590248108,470.6039752960205,0.0,0.0,0.0,walk,West of Twin Peaks,Downtown/Civic Center,18.0,-7552683340867024967,False
180,7641.620429745446,68.90055656433105,258.9556407928467,-190.05508422851562,0.07921510186620127,0.16237783209330317,0.04299908734780545,0.04837797990592262,212.2454376220703,22.190353393554688,1063.7580590248108,470.6039752960205,0.0,0.0,0.0,walk,West of Twin Peaks,Downtown/Civic Center,25.0,4215191788362531517,True
238,9505.643252118734,39.199646949768066,229.2547311782837,-190.05508422851562,0.10834452488641216,0.10834452488641216,0.02835413456825329,0.019678009267087068,212.2454376220703,22.190353393554688,384.59610986709595,57.750269412994385,3.2434487342834473,3.2434487342834473,0.0,walk,West of Twin Peaks,Downtown/Civic Center,35.0,-2055159116661867563,False
231,9490.848851233914,35.25462341308594,225.30970764160156,-190.05508422851562,0.10445351557125167,0.14311835576905532,0.02751420369551779,0.027103634982860225,212.2454376220703,22.190353393554688,365.3913686275482,167.02926969528198,24.951560974121094,4.9903106689453125,0.0,walk,West of Twin Peaks,Downtown/Civic Center,80.0,-7424437892503569009,True
227,9587.205681924908,34.28303527832031,224.33811950683594,-190.05508422851562,0.10445351557125167,0.14311835576905532,0.02702783834309827,0.027807966152224847,212.2454376220703,22.190353393554688,367.709814786911,167.02926969528198,24.951560974121094,4.9903106689453125,0.0,walk,West of Twin Peaks,Downtown/Civic Center,140.0,7282268298834660628,True
225,9590.709532768247,34.23609161376953,224.29117584228516,-190.05508422851562,0.10445351557125167,0.14311835576905532,0.027007783258314853,0.027845853456778657,212.2454376220703,22.190353393554688,367.709814786911,167.02926969528198,24.951560974121094,4.9903106689453125,0.0,walk,West of Twin Peaks,Downtown/Civic Center,250.0,298978069008084057,True
298,12985.538575408686,133.77466320991516,102.96314358711243,30.811519622802734,0.10332758187750449,0.3977041141349372,0.018368097221645997,0.03412913564125955,29.66531753540039,60.476837158203125,1020.874961078167,61.258859634399414,33.07223320007324,14.17381477355957,0.0,bike,Bayview,Golden Gate Park,0.0,919519539648564086,False
301,12986.19961687089,131.29124569892883,100.4797260761261,30.811519622802734,0.10332758187750449,0.3977041141349372,0.017987684841716655,0.03394051204962201,29.66531753540039,60.476837158203125,1020.874961078167,61.258859634399414,33.07223320007324,14.17381477355957,0.0,bike,Bayview,Golden Gate Park,2.0,2719279025413426240,False
309,12985.77392563681,130.97669529914856,100.16517567634583,30.811519622802734,0.10332758187750449,0.3977041141349372,0.01787310613987385,0.033887397567093115,29.66531753540039,60.476837158203125,1020.874961078167,61.258859634399414,33.07223320007324,14.17381477355957,0.0,bike,Bayview,Golden Gate Park,4.0,2455301243931191629,False
305,12392.730773629155,116.93826603889465,86.12674641609192,30.811519622802734,0.10332758187750449,0.3977041141349372,0.016451826560318655,0.03361733889998499,29.66531753540039,60.476837158203125,761.6268436312675,61.258859634399414,33.07223320007324,14.17381477355957,0.0,bike,Bayview,Golden Gate Park,6.0,3889608961905255691,False
301,12381.217075061713,115.32117342948914,84.5096538066864,30.811519622802734,0.10332758187750449,0.3977041141349372,0.016274451310988532,0.03380772584329979,29.66531753540039,60.476837158203125,761.6268436312675,61.258859634399414,33.07223320007324,14.17381477355957,0.0,bike,Bayview,Golden Gate Park,9.0,4293229078464465572,True
298,12420.992488936314,107.89378476142883,77.0822651386261,30.811519622802734,0.10332758187750449,0.3977041141349372,0.015082289038883524,0.032998581334211845,29.66531753540039,60.476837158203125,608.6993553042412,61.258859634399414,33.07223320007324,14.17381477355957,0.0,bike,Bayview,Golden Gate Park,18.0,3561960750851161638,False
297,12422.976484053623,107.5296847820282,76.71816515922546,30.811519622802734,0.10332758187750449,0.3977041141349372,0.01502126315677705,0.03304617807004056,29.66531753540039,60.476837158203125,608.6993553042412,61.258859634399414,33.07223320007324,14.17381477355957,0.0,bike,Bayview,Golden Gate Park,25.0,-6194304637230973061,False
301,12419.884377935376,107.20063281059265,76.38911318778992,30.811519622802734,0.10332758187750449,0.3977041141349372,0.014972014984723937,0.032855791126725764,29.66531753540039,60.476837158203125,608.6993553042412,61.258859634399414,33.07223320007324,14.17381477355957,0.0,bike,Bayview,Golden Gate Park,50.0,1589873604325877583,False
296,12409.613570696609,105.59290099143982,74.78138136863708,30.811519622802734,0.10332758187750449,0.3977041141349372,0.014709436710509852,0.03079755254739597,29.66531753540039,60.476837158203125,576.4197379946709,61.258859634399414,33.07223320007324,14.17381477355957,0.0,bike,Bayview,Golden Gate Park,140.0,3157915644602007510,False
301,12384.500651166849,104.90902209281921,74.09750247001648,30.811519622802734,0.10332758187750449,0.3977041141349372,0.01458793185301287,0.030623728260688016,29.66531753540039,60.476837158203125,576.4197379946709,61.258859634399414,33.07223320007324,14.17381477355957,0.0,bike,Bayview,Golden Gate Park,250.0,-8341463663338895985,True
269,8454.325912996272,76.52817249298096,150.069757938385,-73.54158544540405,0.08541323883052779,0.1292955608696679,0.026875470389076155,0.03956530881439594,81.24977111816406,7.70818567276001,612.9960327148438,272.5983085632324,53.068169593811035,0.0,0.0,bike,Bernal Heights,Marina,0.0,5502858163179205622,True
276,8747.520731511797,74.53515529632568,148.07674074172974,-73.54158544540405,0.08048173758153182,0.1151823058612072,0.025528645726814552,0.03852323674915925,81.24977111816406,7.70818567276001,612.4213314056396,248.1816167831421,4.844295501708984,0.0,0.0,bike,Bernal Heights,Marina,4.0,-2837198381861480817,False
277,8747.245033458195,72.60179805755615,146.1433835029602,-73.54158544540405,0.08048173758153182,0.1151823058612072,0.025087400928712207,0.03012013953707064,81.24977111816406,7.70818567276001,496.7503070831299,248.1816167831421,4.844295501708984,0.0,0.0,bike,Bernal Heights,Marina,13.0,-8512418909077625861,True
260,8814.191941810179,55.00753116607666,128.5491166114807,-73.54158544540405,0.08250321815604494,0.1151823058612072,0.020984045895567262,0.03015776434219837,81.24977111816406,7.70818567276001,447.6749777793884,190.97397708892822,9.596519470214844,0.0,0.0,bike,Bernal Heights,Marina,25.0,2210347054116220388,False
261,8813.707399828121,54.907042503356934,128.448627948761,-73.54158544540405,0.08250321815604494,0.1151823058612072,0.020962396685438443,0.030097480251234838,81.24977111816406,7.70818567276001,447.6749777793884,190.97397708892822,9.596519470214844,0.0,0.0,bike,Bernal Heights,Marina,250.0,-9121416705926413898,True
248,8922.039232865685,131.55501747131348,44.41426086425781,87.14075660705566,0.6,0.6,0.01977767788988767,0.052180582264486845,30.168310165405273,117.30906677246094,1359.6103419661522,408.8360435962677,159.08476209640503,34.88832235336304,0.8489270210266113,bike,Chinatown,Inner Sunset,0.0,-5317529299400526773,False
256,8953.641009470215,130.7636480331421,43.622891426086426,87.14075660705566,0.6,0.6,0.019531102380382595,0.05064757225174963,30.168310165405273,117.30906677246094,1345.140863597393,394.36656522750854,150.5675187110901,34.88832235336304,0.8489270210266113,bike,Chinatown,Inner Sunset,2.0,-2863679304439521724,False
249,8819.004815727998,128.91546535491943,41.77470874786377,87.14075660705566,0.6,0.6,0.01936543073446296,0.045472037749692794,30.168310165405273,117.30906677246094,1239.661241710186,363.6393277645111,150.5675187110901,34.88832235336304,0.8489270210266113,bike,Chinatown,Inner Sunset,35.0,-2923868114325465477,True
259,8823.627592828776,128.30545330047607,41.16469669342041,87.14075660705566,0.6,0.6,0.019237722186586707,0.045676810735967834,30.168310165405273,117.30906677246094,1240.9871576428413,364.96524369716644,151.23047667741776,34.88832235336304,0.8489270210266113,bike,Chinatown,Inner Sunset,140.0,4257045870500374964,False
259,8823.253562393078,128.25315380096436,41.11239719390869,87.14075660705566,0.6,0.6,0.019226682777415235,0.045676810735967834,30.168310165405273,117.30906677246094,1240.9871576428413,364.96524369716644,151.23047667741776,34.88832235336304,0.8489270210266113,bike,Chinatown,Inner Sunset,250.0,4141637724649166894,True
179,7813.418252989404,42.108644008636475,151.36734461784363,-109.25870060920715,0.07215424478433383,0.3977041141349372,0.024921703944066058,0.038403706695335896,112.73072052001953,3.472019910812378,444.74568498134613,52.94876146316528,0.0,0.0,0.0,bike,Excelsior,South of Market,0.0,3069559937926402471,True
179,7847.073268342474,40.05699682235718,149.31569743156433,-109.25870060920715,0.07215424478433383,0.3977041141349372,0.024291910466584788,0.036985317621424575,112.73072052001953,3.472019910812378,383.7593330144882,48.29656219482422,0.0,0.0,0.0,bike,Excelsior,South of Market,2.0,5880403848590167874,True
177,7853.71467804297,38.87459993362427,148.13330054283142,-109.25870060920715,0.0789658799868265,0.3977041141349372,0.023970263206602678,0.03719332678854372,112.73072052001953,3.472019910812378,331.6681717634201,52.493873596191406,0.0,0.0,0.0,bike,Excelsior,South of Market,13.0,-3892171256006105019,True
188,7896.661679773324,36.14745569229126,145.4061563014984,-109.25870060920715,0.0789658799868265,0.3977041141349372,0.0231491897639405,0.0267077949045554,112.73072052001953,3.472019910812378,266.1696389913559,52.493873596191406,0.0,0.0,0.0,bike,Excelsior,South of Market,25.0,-6603792237558151279,True
194,8299.242829273411,23.82500147819519,133.08370208740234,-109.25870060920715,0.04283431468163114,0.3977041141349372,0.019250872329409533,0.020242336491063585,112.73072052001953,3.472019910812378,101.2378476858139,0.0,0.0,0.0,0.0,bike,Excelsior,South of Market,35.0,2478721768390036309,True
197,8322.17549281385,22.696703672409058,131.9554042816162,-109.25870060920715,0.04283431468163114,0.3977041141349372,0.01892666993143363,0.0201544696202955,112.73072052001953,3.472019910812378,101.2378476858139,0.0,0.0,0.0,0.0,bike,Excelsior,South of Market,50.0,-639834758472889902,False
190,8318.657229134264,17.75412893295288,127.01282954216003,-109.25870060920715,0.04015253177381226,0.3977041141349372,0.01764137502104269,0.018920473294377866,112.73072052001953,3.472019910812378,80.34257352352142,0.0,0.0,0.0,0.0,bike,Excelsior,South of Market,140.0,9092821717486624089,True
148,5208.994045506657,20.469914436340332,105.5866117477417,-85.11669731140137,0.031280025456154104,0.22759036343620348,0.02429218576139883,0.01940680949876963,89.87631225585938,4.759614944458008,68.81283855438232,0.0,0.0,0.0,0.0,bike,Haight Ashbury,Financial District,0.0,-3913141088549151351,True
168,5515.456314249744,19.34559917449951,104.46229648590088,-85.11669731140137,0.031280025456154104,0.15385230453711113,0.022512837753781087,0.01940680949876963,89.87631225585938,4.759614944458008,68.81283855438232,0.0,0.0,0.0,0.0,bike,Haight Ashbury,Financial District,2.0,-3604362046616661978,True
170,5516.723560835857,19.286396026611328,104.4030933380127,-85.11669731140137,0.031280025456154104,0.15385230453711113,0.02248888714851566,0.019395718716692427,89.87631225585938,4.759614944458008,68.81283855438232,0.0,0.0,0.0,0.0,bike,Haight Ashbury,Financial District,25.0,-4347996486213773817,True
181,5720.954200726049,12.397955894470215,97.51465320587158,-85.11669731140137,0.055241710287672226,0.09188649166274057,0.01926155838555185,0.018393791295429472,89.87631225585938,4.759614944458008,89.7837610244751,57.621381759643555,0.0,0.0,0.0,bike,Haight Ashbury,Financial District,50.0,7382930841277649451,True
182,5721.904850935457,12.197455406188965,97.31415271759033,-85.11669731140137,0.055241710287672226,0.09188649166274057,0.01918857517499061,0.015534619074126064,89.87631225585938,4.759614944458008,89.7837610244751,57.621381759643555,0.0,0.0,0.0,bike,Haight Ashbury,Financial District,80.0,-668122921143878808,True
187,5872.142079027664,11.157179832458496,96.27387714385986,-85.11669731140137,0.055241710287672226,0.09188649166274057,0.018349100489252996,0.012866631833842032,89.87631225585938,4.759614944458008,89.7837610244751,57.621381759643555,0.0,0.0,0.0,bike,Haight Ashbury,Financial District,140.0,-8488513054322016597,False
193,5865.535812992224,10.562899589538574,95.67959690093994,-85.11669731140137,0.055241710287672226,0.09188649166274057,0.018196416550404142,0.012207851845061929,89.87631225585938,4.759614944458008,89.7837610244751,57.621381759643555,0.0,0.0,0.0,bike,Haight Ashbury,Financial District,250.0,1997335392391635213,True
146,4855.653496409119,54.21841812133789,87.87682723999023,-33.658409118652344,0.07170376408035219,0.140197770208424,0.029352607867158063,0.047160898655925695,55.84876251220703,22.190353393554688,737.8376748561859,236.73596286773682,0.0,0.0,0.0,bike,Inner Richmond,Downtown/Civic Center,0.0,-7777895415338727330,False
130,4839.8587608536955,45.43220520019531,79.09061431884766,-33.658409118652344,0.07170376408035219,0.07901873129227815,0.025817626696093367,0.04528077692498873,55.84876251220703,22.190353393554688,648.3707630634308,209.5837779045105,0.0,0.0,0.0,bike,Inner Richmond,Downtown/Civic Center,13.0,-255175101535278600,True
147,4876.94416391406,37.718666076660156,71.3770751953125,-33.658409118652344,0.07170376408035219,0.07901873129227815,0.02244072472414897,0.03871399208297754,55.84876251220703,22.190353393554688,357.1245906352997,164.44176292419434,0.0,0.0,0.0,bike,Inner Richmond,Downtown/Civic Center,25.0,3968323801283915884,False
148,4872.147966766162,37.633872985839844,71.29228210449219,-33.658409118652344,0.07170376408035219,0.07901873129227815,0.022428008353015606,0.03870388963091007,55.84876251220703,22.190353393554688,357.1245906352997,164.44176292419434,0.0,0.0,0.0,bike,Inner Richmond,Downtown/Civic Center,80.0,-1790685631639415273,True
165,5291.7269331157295,31.998933792114258,65.6573429107666,-33.658409118652344,0.06941231384734686,0.07901873129227815,0.01851998381854049,0.03744259564263569,55.84876251220703,22.190353393554688,313.6307351589203,111.28169536590576,0.0,0.0,0.0,bike,Inner Richmond,Downtown/Civic Center,140.0,232331410753403967,False
162,5291.120767991268,31.533187866210938,65.19159698486328,-33.658409118652344,0.06941231384734686,0.07901873129227815,0.018346057360077644,0.032814497660759924,55.84876251220703,22.190353393554688,313.59272360801697,111.09060096740723,0.0,0.0,0.0,bike,Inner Richmond,Downtown/Civic Center,250.0,156707380120744633,True
206,6645.448765775951,63.51974153518677,69.20135498046875,-5.681613445281982,0.08250321815604494,0.08250321815604494,0.02007585311675218,0.04672676270085218,13.389799118041992,7.70818567276001,564.5847148895264,227.52301216125488,9.596519470214844,0.0,0.0,bike,Mission,Marina,0.0,8303315026775531425,False
206,6645.5675119913685,60.55888795852661,66.2405014038086,-5.681613445281982,0.08250321815604494,0.08250321815604494,0.01922763624916192,0.04292933108959472,13.389799118041992,7.70818567276001,549.4272217750549,190.97397708892822,9.596519470214844,0.0,0.0,bike,Mission,Marina,2.0,4059167669726094813,False
207,6645.6567851346335,60.5340256690979,66.21563911437988,-5.681613445281982,0.08250321815604494,0.08250321815604494,0.01921989570162028,0.042705754639201544,13.389799118041992,7.70818567276001,549.4272217750549,190.97397708892822,9.596519470214844,0.0,0.0,bike,Mission,Marina,4.0,-2981907146548529851,False
207,6645.8365823959875,56.82146692276001,62.50308036804199,-5.681613445281982,0.08250321815604494,0.08250321815604494,0.01811725588830486,0.042705754639201544,13.389799118041992,7.70818567276001,447.6749777793884,190.97397708892822,9.596519470214844,0.0,0.0,bike,Mission,Marina,18.0,-3566938890220853328,False
208,6646.251061455867,54.64042520523071,60.322038650512695,-5.681613445281982,0.08250321815604494,0.08250321815604494,0.017439077834201056,0.04248217818880837,13.389799118041992,7.70818567276001,447.6749777793884,190.97397708892822,9.596519470214844,0.0,0.0,bike,Mission,Marina,25.0,4395749716226131624,False
211,6613.396649629927,54.498371601104736,60.17998504638672,-5.681613445281982,0.08250321815604494,0.08250321815604494,0.017482753322388456,0.04181144883762908,13.389799118041992,7.70818567276001,447.6749777793884,190.97397708892822,9.596519470214844,0.0,0.0,bike,Mission,Marina,250.0,-1691918669781137629,True
253,10118.61906791833,114.44369411468506,61.15650653839111,53.287187576293945,0.06198632519858411,0.06569584774610673,0.017413267661959136,0.034312278984121605,13.389799118041992,66.67698669433594,773.2065734863281,5.182948648929596,0.0,0.0,0.0,bike,Mission,Outer Sunset,0.0,5561492035973673397,False
256,10118.50933791955,113.23606777191162,59.948880195617676,53.287187576293945,0.06198632519858411,0.06569584774610673,0.017174760002523017,0.03417286638368427,13.389799118041992,66.67698669433594,777.9058303833008,5.182948648929596,0.0,0.0,0.0,bike,Mission,Outer Sunset,6.0,2269229205271424049,True
276,10159.7448488771,111.40870571136475,58.1215181350708,53.287187576293945,0.06495383883933326,0.06495383883933326,0.016757371724747422,0.034951947704538085,13.389799118041992,66.67698669433594,863.6114920973778,20.687446117401123,0.0,0.0,0.0,bike,Mission,Outer Sunset,18.0,7616059789122849231,False
276,10161.123133350546,108.53136348724365,55.24417591094971,53.287187576293945,0.057815797668062135,0.06116047372336896,0.016193742452301572,0.034951947704538085,13.389799118041992,66.67698669433594,857.9968927502632,15.07284677028656,0.0,0.0,0.0,bike,Mission,Outer Sunset,35.0,-7743611427819612682,False
280,10158.031027232299,108.2023115158081,54.91512393951416,53.287187576293945,0.057815797668062135,0.06116047372336896,0.016133885264359233,0.034886333049604465,13.389799118041992,66.67698669433594,857.9968927502632,15.07284677028656,0.0,0.0,0.0,bike,Mission,Outer Sunset,50.0,2603905099245016893,True
277,10156.129055989059,105.56469249725342,52.27750492095947,53.287187576293945,0.06941897798629315,0.06941897798629315,0.015617492495096882,0.034192010171805426,13.389799118041992,66.67698669433594,866.6597333550453,95.02902352809906,0.0,0.0,0.0,bike,Mission,Outer Sunset,80.0,9178631272609427399,False
282,10210.195228550354,104.69367599487305,51.4064884185791,53.287187576293945,0.06941897798629315,0.06941897798629315,0.015389453395555535,0.03280428011086963,13.389799118041992,66.67698669433594,760.6431069970131,97.96366226673126,0.0,0.0,0.0,bike,Mission,Outer Sunset,140.0,-7151078821717455628,False
268,10087.47467781229,101.22874450683594,47.94155693054199,53.287187576293945,0.06941897798629315,0.06941897798629315,0.01486417298646764,0.03471140577450535,13.389799118041992,66.67698669433594,726.128705561161,109.80884921550751,0.0,0.0,0.0,bike,Mission,Outer Sunset,250.0,-5792964016866880081,True
194,6576.973787228752,14.190423965454102,76.22811126708984,-62.03768730163574,0.023869214461534085,0.06182052939481221,0.013909527160531935,0.015535647468425517,66.79730224609375,4.759614944458008,0.0,0.0,0.0,0.0,0.0,bike,Noe Valley,Financial District,0.0,-8732380720338268930,True
196,6578.241033814866,14.131220817565918,76.16890811920166,-62.03768730163574,0.023869214461534085,0.06182052939481221,0.013891098776445317,0.01551561082329294,66.79730224609375,4.759614944458008,0.0,0.0,0.0,0.0,0.0,bike,Noe Valley,Financial District,25.0,-4800273246476389093,True
265,9799.552988138104,66.50378227233887,119.24665069580078,-52.742868423461914,0.07050869952925073,0.17690038543982353,0.018956496147976763,0.030548611484756,66.1326675415039,13.389799118041992,652.9666687250137,194.57281267642975,0.0,0.0,0.0,bike,Outer Richmond,Mission,0.0,70746130178824377,False
267,9799.890890582406,61.05143165588379,113.7943000793457,-52.742868423461914,0.07050869952925073,0.17690038543982353,0.01784310552030393,0.03083843021338327,66.1326675415039,13.389799118041992,629.3922194242477,228.46466410160065,0.0,0.0,0.0,bike,Outer Richmond,Mission,4.0,-8875121385044396243,False
262,9799.266180255281,58.96785354614258,111.71072196960449,-52.742868423461914,0.07050869952925073,0.17690038543982353,0.017418991176032485,0.030732572844241197,66.1326675415039,13.389799118041992,619.9713104963303,228.46466410160065,0.0,0.0,0.0,bike,Outer Richmond,Mission,18.0,8116702812049162268,True
251,9383.88197846173,57.544620513916016,110.28748893737793,-52.742868423461914,0.07404066611578022,0.17690038543982353,0.017886719433603177,0.03243771722520193,66.1326675415039,13.389799118041992,558.6058503389359,243.98103439807892,0.0,0.0,0.0,bike,Outer Richmond,Mission,25.0,5850752728057120596,False
252,9375.448719738855,56.95756435394287,109.70043277740479,-52.742868423461914,0.07404066611578022,0.17690038543982353,0.01777757596650676,0.032279697248990616,66.1326675415039,13.389799118041992,558.6058503389359,243.98103439807892,0.0,0.0,0.0,bike,Outer Richmond,Mission,80.0,4429641580582272438,False
249,9372.660367177312,56.37173080444336,109.11459922790527,-52.742868423461914,0.07404066611578022,0.17690038543982353,0.017658856147535994,0.03466433615155779,66.1326675415039,13.389799118041992,601.4526244401932,243.98103439807892,0.0,0.0,0.0,bike,Outer Richmond,Mission,140.0,4858682757825749269,False
250,9358.55279432865,54.59103298187256,107.33390140533447,-52.742868423461914,0.07404066611578022,0.17690038543982353,0.017307923003861893,0.032595737201413164,66.1326675415039,13.389799118041992,595.0139760971069,242.40634632110596,0.0,0.0,0.0,bike,Outer Richmond,Mission,250.0,-644119916243878037,True
260,10593.000033486314,101.33404350280762,139.53761863708496,-38.203575134277344,0.07726788917350193,0.09188649166274057,0.02277018568290304,0.04418914745077363,60.39392852783203,22.190353393554688,1235.5970162153244,322.69020819664,0.0,0.0,0.0,bike,Parkside,Downtown/Civic Center,0.0,8094910335367496392,True
273,10634.693271226492,94.29524040222168,132.49881553649902,-38.203575134277344,0.07726788917350193,0.09188649166274057,0.02137344402347134,0.03888467397998261,60.39392852783203,22.190353393554688,1067.3672551512718,340.2684772014618,0.0,0.0,0.0,bike,Parkside,Downtown/Civic Center,2.0,6011156626407414460,False
276,10634.583541227712,93.08761405944824,131.2911891937256,-38.203575134277344,0.07726788917350193,0.09188649166274057,0.021146551506273262,0.0387488334101278,60.39392852783203,22.190353393554688,1066.5782813429832,340.2684772014618,0.0,0.0,0.0,bike,Parkside,Downtown/Civic Center,4.0,-6723871517513820327,False
275,10643.96210885625,91.90436363220215,130.1079387664795,-38.203575134277344,0.07726788917350193,0.09188649166274057,0.020949973642287782,0.038522297335502866,60.39392852783203,22.190353393554688,1064.016641318798,338.9876571893692,0.0,0.0,0.0,bike,Parkside,Downtown/Civic Center,6.0,-5431374318242881290,False
268,10620.335182961542,89.89213752746582,128.09571266174316,-38.203575134277344,0.07726788917350193,0.09188649166274057,0.020556022965697987,0.038522364897936305,60.39392852783203,22.190353393554688,1040.6104065775871,396.60903894901276,0.0,0.0,0.0,bike,Parkside,Downtown/Civic Center,18.0,-477038104778169899,False
263,10617.929783843598,86.76813125610352,124.97170639038086,-38.203575134277344,0.07726788917350193,0.09188649166274057,0.019972239955727708,0.037589375428616005,60.39392852783203,22.190353393554688,967.8473717570305,396.60903894901276,0.0,0.0,0.0,bike,Parkside,Downtown/Civic Center,80.0,-919295511953152978,True
292,11563.556414282373,79.89425277709961,118.09782791137695,-38.203575134277344,0.0711076191761362,0.09188649166274057,0.017150094562577003,0.03505229190323816,60.39392852783203,22.190353393554688,762.3115881085396,269.2836652994156,0.0,0.0,0.0,bike,Parkside,Downtown/Civic Center,140.0,6460449586885456155,False
288,11522.575150065792,74.82069206237793,113.02426719665527,-38.203575134277344,0.0711076191761362,0.09188649166274057,0.01634630438793561,0.03210953432833496,60.39392852783203,22.190353393554688,767.2135717272758,218.67910766601562,0.0,0.0,0.0,bike,Parkside,Downtown/Civic Center,250.0,8413551392786196673,True
170,5621.542568658609,41.144251108169556,22.46912693977356,18.675124168395996,0.10985472370013685,0.10985472370013685,0.011324960783241658,0.030563877890821354,15.110917091369629,33.786041259765625,180.80141806602478,16.05660057067871,7.45195198059082,3.72597599029541,0.0,bike,Potrero Hill,Western Addition,0.0,-8469460810641623200,True
169,5616.105278057012,38.829174280166626,20.15405011177063,18.675124168395996,0.1158870289350065,0.1158870289350065,0.010552766060354433,0.026334369016327658,15.110917091369629,33.786041259765625,54.22965317964554,13.010134756565094,8.332623541355133,4.606647551059723,0.0,bike,Potrero Hill,Western Addition,35.0,-1333432830472593907,True
176,5815.903848558191,37.36422419548035,18.68910002708435,18.675124168395996,0.1158870289350065,0.1158870289350065,0.009651670997780862,0.021073312384268923,15.110917091369629,33.786041259765625,21.487084209918976,8.332623541355133,8.332623541355133,4.606647551059723,0.0,bike,Potrero Hill,Western Addition,140.0,3501433273040318518,True
159,7813.909612717813,70.71683621406555,113.26534962654114,-42.548513412475586,0.12650956008222095,0.3977041141349372,0.02384439312382354,0.04819030400554868,55.93831253051758,13.389799118041992,659.1506146192551,443.8677887916565,72.72838115692139,58.234795570373535,0.0,bike,Visitacion Valley,Mission,0.0,2553369470134581431,False
161,7818.951934858807,69.89365124702454,112.44216465950012,-42.548513412475586,0.12650956008222095,0.3977041141349372,0.02362342552329557,0.046005397105847265,55.93831253051758,13.389799118041992,659.1506146192551,443.8677887916565,72.72838115692139,58.234795570373535,0.0,bike,Visitacion Valley,Mission,6.0,-2334567702249850686,False
168,7657.305249072236,64.93163990974426,107.48015332221985,-42.548513412475586,0.12650956008222095,0.3977041141349372,0.022766450032990927,0.04189569066389455,55.93831253051758,13.389799118041992,592.8028854131699,443.8677887916565,72.72838115692139,58.234795570373535,0.0,bike,Visitacion Valley,Mission,18.0,8908564771696955059,False
168,7656.572657312439,64.39447903633118,106.94299244880676,-42.548513412475586,0.12650956008222095,0.3977041141349372,0.02253602598045335,0.04189569066389455,55.93831253051758,13.389799118041992,592.8028854131699,443.8677887916565,72.72838115692139,58.234795570373535,0.0,bike,Visitacion Valley,Mission,25.0,-645182820325573353,False
160,7547.023040045332,61.01362371444702,103.56213712692261,-42.548513412475586,0.12650956008222095,0.3977041141349372,0.02194790130806166,0.041537628490264315,55.93831253051758,13.389799118041992,571.9076112508774,443.8677887916565,72.72838115692139,58.234795570373535,0.0,bike,Visitacion Valley,Mission,140.0,-8435615456984101188,True
225,8683.524052841924,71.39244365692139,261.447527885437,-190.05508422851562,0.07921510186620127,0.14311835576905532,0.03842449892365284,0.04826236333345712,212.2454376220703,22.190353393554688,1006.7035369873047,502.0529179573059,0.0,0.0,0.0,bike,West of Twin Peaks,Downtown/Civic Center,0.0,5660472168259554521,True
251,9996.184316358975,50.51149940490723,240.56658363342285,-190.05508422851562,0.2047149951177853,0.2047149951177853,0.029225305903275926,0.0421857152325532,212.2454376220703,22.190353393554688,637.572355568409,209.11231118440628,0.6986328959465027,0.34931644797325134,0.34931644797325134,bike,West of Twin Peaks,Downtown/Civic Center,6.0,-2604521487648733035,False
251,9996.291685341992,48.02303504943848,238.0781192779541,-190.05508422851562,0.2047149951177853,0.2047149951177853,0.02872711454654843,0.0421857152325532,212.2454376220703,22.190353393554688,576.1801398396492,209.11231118440628,0.6986328959465027,0.34931644797325134,0.34931644797325134,bike,West of Twin Peaks,Downtown/Civic Center,9.0,-2842925934139919082,False
244,9972.664759447285,46.01080894470215,236.06589317321777,-190.05508422851562,0.2047149951177853,0.2047149951177853,0.02832600427205223,0.04505526441594368,212.2454376220703,22.190353393554688,552.7739050984383,266.73369294404984,0.6986328959465027,0.34931644797325134,0.34931644797325134,bike,West of Twin Peaks,Downtown/Civic Center,18.0,5959362906641115625,False
232,9911.524298811462,28.670741081237793,218.72582530975342,-190.05508422851562,0.06068268066356233,0.11778837518869231,0.025052830406308832,0.019846276703114087,212.2454376220703,22.190353393554688,187.83230304718018,62.675612449645996,0.0,0.0,0.0,bike,West of Twin Peaks,Downtown/Civic Center,25.0,-1845921335581509248,False
229,9808.079397798832,27.17961597442627,217.2347002029419,-190.05508422851562,0.05737255850277301,0.11778837518869231,0.02502312169464793,0.018871127112591656,212.2454376220703,22.190353393554688,191.75290203094482,62.48451805114746,0.0,0.0,0.0,bike,West of Twin Peaks,Downtown/Civic Center,35.0,8295020734775276242,True
