neighborhood_a,neighborhood_b,pass_elev_m,pass_elev_ft,pass_edge_id
Adamsville,Ben Hill,293.3305358886719,962.3705553649902,2370
Adamsville,Bolton,289.1880187988281,948.7796195959472,12814
Adamsville,Buckhead Village,302.5309753417969,992.5557251403809,110584
Adamsville,Candler Park,310.9018249511719,1020.0191433728028,86053
Adamsville,Cascade Heights,289.1880187988281,948.7796195959472,12814
Adamsville,Chastain Park,289.1880187988281,948.7796195959472,12814
Adamsville,Collier Heights,289.1880187988281,948.7796195959472,12814
Adamsville,Downtown,314.2170715332031,1030.8959369689942,74008
Adamsville,East Atlanta,315.900634765625,1036.4194385644532,46035
Adamsville,East Lake,310.2393493652344,1017.8456669714355,19180
Adamsville,Georgia Tech,289.1880187988281,948.7796195959472,12814
Adamsville,Grant Park,310.2393493652344,1017.8456669714355,19180
Adamsville,Greenbriar,293.3305358886719,962.3705553649902,2370
Adamsville,Grove Park,289.1880187988281,948.7796195959472,12814
Adamsville,Inman Park,302.4815979003906,992.3937256555175,83536
Adamsville,Kirkwood,310.2393493652344,1017.8456669714355,19180
Adamsville,Lakewood Heights,310.2393493652344,1017.8456669714355,19180
Adamsville,Midtown,289.1880187988281,948.7796195959472,12814
Adamsville,Midwest Cascade,307.9335632324219,1010.2807515954589,165
Adamsville,Morningside/Lenox Park,289.1880187988281,948.7796195959472,12814
Adamsville,Mozley Park,310.1993713378906,1017.714505460205,48552
Adamsville,North Buckhead,289.1880187988281,948.7796195959472,12814
Adamsville,Oakland City,311.22882080078125,1021.0919644360351,18891
Adamsville,Old Fourth Ward,304.3576965332031,998.5489050939941,82444
Adamsville,Paces,289.1880187988281,948.7796195959472,12814
Adamsville,Peachtree Battle Alliance,289.1880187988281,948.7796195959472,12814
Adamsville,Pittsburgh,310.2393493652344,1017.8456669714355,19180
Adamsville,South River Gardens,310.2393493652344,1017.8456669714355,19180
Adamsville,Summerhill,310.2393493652344,1017.8456669714355,19180
Adamsville,Sylvan Hills,310.2393493652344,1017.8456669714355,19180
Adamsville,Underwood Hills,289.1880187988281,948.7796195959472,12814
Adamsville,Vine City,303.73321533203125,996.5000821899414,50830
Adamsville,Virginia Highland,296.31134033203125,972.1500978149414,88381
Adamsville,West End,317.1493225097656,1040.5161832629394,21037
Adamsville,West Highlands,289.1880187988281,948.7796195959472,12814
Ben Hill,Bolton,293.3305358886719,962.3705553649902,2370
Ben Hill,Buckhead Village,302.5309753417969,992.5557251403809,110584
Ben Hill,Candler Park,310.9018249511719,1020.0191433728028,86053
Ben Hill,Cascade Heights,293.3305358886719,962.3705553649902,2370
Ben Hill,Chastain Park,293.3305358886719,962.3705553649902,2370
Ben Hill,Collier Heights,293.3305358886719,962.3705553649902,2370
Ben Hill,Downtown,314.2170715332031,1030.8959369689942,74008
Ben Hill,East Atlanta,315.900634765625,1036.4194385644532,46035
Ben Hill,East Lake,310.2393493652344,1017.8456669714355,19180
Ben Hill,Georgia Tech,293.3305358886719,962.3705553649902,2370
Ben Hill,Grant Park,310.2393493652344,1017.8456669714355,19180
Ben Hill,Greenbriar,281.6531677246094,924.0589787976074,1718
Ben Hill,Grove Park,293.3305358886719,962.3705553649902,2370
Ben Hill,Inman Park,302.4815979003906,992.3937256555175,83536
Ben Hill,Kirkwood,310.2393493652344,1017.8456669714355,19180
Ben Hill,Lakewood Heights,310.2393493652344,1017.8456669714355,19180
Ben Hill,Midtown,293.3305358886719,962.3705553649902,2370
Ben Hill,Midwest Cascade,307.9335632324219,1010.2807515954589,165
Ben Hill,Morningside/Lenox Park,293.3305358886719,962.3705553649902,2370
Ben Hill,Mozley Park,310.1993713378906,1017.714505460205,48552
Ben Hill,North Buckhead,293.3305358886719,962.3705553649902,2370
Ben Hill,Oakland City,311.22882080078125,1021.0919644360351,18891
Ben Hill,Old Fourth Ward,304.3576965332031,998.5489050939941,82444
Ben Hill,Paces,293.3305358886719,962.3705553649902,2370
Ben Hill,Peachtree Battle Alliance,293.3305358886719,962.3705553649902,2370
Ben Hill,Pittsburgh,310.2393493652344,1017.8456669714355,19180
Ben Hill,South River Gardens,310.2393493652344,1017.8456669714355,19180
Ben Hill,Summerhill,310.2393493652344,1017.8456669714355,19180
Ben Hill,Sylvan Hills,310.2393493652344,1017.8456669714355,19180
Ben Hill,Underwood Hills,293.3305358886719,962.3705553649902,2370
Ben Hill,Vine City,303.73321533203125,996.5000821899414,50830
Ben Hill,Virginia Highland,296.31134033203125,972.1500978149414,88381
Ben Hill,West End,317.1493225097656,1040.5161832629394,21037
Ben Hill,West Highlands,293.3305358886719,962.3705553649902,2370
Bolton,Buckhead Village,302.5309753417969,992.5557251403809,110584
Bolton,Candler Park,310.9018249511719,1020.0191433728028,86053
Bolton,Cascade Heights,286.1761169433594,938.8980515124512,12941
Bolton,Chastain Park,287.49505615234375,943.2252800268554,105690
Bolton,Collier Heights,280.69659423828125,920.9206142407227,8945
Bolton,Downtown,314.2170715332031,1030.8959369689942,74008
Bolton,East Atlanta,315.900634765625,1036.4194385644532,46035
Bolton,East Lake,310.2393493652344,1017.8456669714355,19180
Bolton,Georgia Tech,284.1445617675781,932.232844029541,72840
Bolton,Grant Park,310.2393493652344,1017.8456669714355,19180
Bolton,Greenbriar,293.3305358886719,962.3705553649902,2370
Bolton,Grove Park,284.9098205566406,934.7435356750489,9743
Bolton,Inman Park,302.4815979003906,992.3937256555175,83536
Bolton,Kirkwood,310.2393493652344,1017.8456669714355,19180
Bolton,Lakewood Heights,310.2393493652344,1017.8456669714355,19180
Bolton,Midtown,287.49237060546875,943.216469177246,65997
Bolton,Midwest Cascade,307.9335632324219,1010.2807515954589,165
Bolton,Morningside/Lenox Park,276.17095947265625,906.0727306762695,91831
Bolton,Mozley Park,310.1993713378906,1017.714505460205,48552
Bolton,North Buckhead,287.49505615234375,943.2252800268554,105690
Bolton,Oakland City,311.22882080078125,1021.0919644360351,18891
Bolton,Old Fourth Ward,304.3576965332031,998.5489050939941,82444
Bolton,Paces,277.026123046875,908.8783855371094,102537
Bolton,Peachtree Battle Alliance,268.58233642578125,881.1756726391601,62312
Bolton,Pittsburgh,310.2393493652344,1017.8456669714355,19180
Bolton,South River Gardens,310.2393493652344,1017.8456669714355,19180
Bolton,Summerhill,310.2393493652344,1017.8456669714355,19180
Bolton,Sylvan Hills,310.2393493652344,1017.8456669714355,19180
Bolton,Underwood Hills,281.9907531738281,925.1665426428223,55853
Bolton,Vine City,303.73321533203125,996.5000821899414,50830
Bolton,Virginia Highland,296.31134033203125,972.1500978149414,88381
Bolton,West End,317.1493225097656,1040.5161832629394,21037
Bolton,West Highlands,272.6337890625,894.4678405078125,7409
Buckhead Village,Candler Park,310.9018249511719,1020.0191433728028,86053
Buckhead Village,Cascade Heights,302.5309753417969,992.5557251403809,110584
Buckhead Village,Chastain Park,302.5309753417969,992.5557251403809,110584
Buckhead Village,Collier Heights,302.5309753417969,992.5557251403809,110584
Buckhead Village,Downtown,314.2170715332031,1030.8959369689942,74008
Buckhead Village,East Atlanta,315.900634765625,1036.4194385644532,46035
Buckhead Village,East Lake,310.2393493652344,1017.8456669714355,19180
Buckhead Village,Georgia Tech,302.5309753417969,992.5557251403809,110584
Buckhead Village,Grant Park,310.2393493652344,1017.8456669714355,19180
Buckhead Village,Greenbriar,302.5309753417969,992.5557251403809,110584
Buckhead Village,Grove Park,302.5309753417969,992.5557251403809,110584
Buckhead Village,Inman Park,302.5309753417969,992.5557251403809,110584
Buckhead Village,Kirkwood,310.2393493652344,1017.8456669714355,19180
Buckhead Village,Lakewood Heights,310.2393493652344,1017.8456669714355,19180
Buckhead Village,Midtown,302.5309753417969,992.5557251403809,110584
Buckhead Village,Midwest Cascade,307.9335632324219,1010.2807515954589,165
Buckhead Village,Morningside/Lenox Park,302.5309753417969,992.5557251403809,110584
Buckhead Village,Mozley Park,310.1993713378906,1017.714505460205,48552
Buckhead Village,North Buckhead,302.5309753417969,992.5557251403809,110584
Buckhead Village,Oakland City,311.22882080078125,1021.0919644360351,18891
Buckhead Village,Old Fourth Ward,304.3576965332031,998.5489050939941,82444
Buckhead Village,Paces,302.5309753417969,992.5557251403809,110584
Buckhead Village,Peachtree Battle Alliance,302.5309753417969,992.5557251403809,110584
Buckhead Village,Pittsburgh,310.2393493652344,1017.8456669714355,19180
Buckhead Village,South River Gardens,310.2393493652344,1017.8456669714355,19180
Buckhead Village,Summerhill,310.2393493652344,1017.8456669714355,19180
Buckhead Village,Sylvan Hills,310.2393493652344,1017.8456669714355,19180
Buckhead Village,Underwood Hills,302.5309753417969,992.5557251403809,110584
Buckhead Village,Vine City,303.73321533203125,996.5000821899414,50830
Buckhead Village,Virginia Highland,302.5309753417969,992.5557251403809,110584
Buckhead Village,West End,317.1493225097656,1040.5161832629394,21037
Buckhead Village,West Highlands,302.5309753417969,992.5557251403809,110584
Candler Park,Cascade Heights,310.9018249511719,1020.0191433728028,86053
Candler Park,Chastain Park,310.9018249511719,1020.0191433728028,86053
Candler Park,Collier Heights,310.9018249511719,1020.0191433728028,86053
Candler Park,Downtown,314.2170715332031,1030.8959369689942,74008
Candler Park,East Atlanta,315.900634765625,1036.4194385644532,46035
Candler Park,East Lake,310.9018249511719,1020.0191433728028,86053
Candler Park,Georgia Tech,310.9018249511719,1020.0191433728028,86053
Candler Park,Grant Park,310.9018249511719,1020.0191433728028,86053
Candler Park,Greenbriar,310.9018249511719,1020.0191433728028,86053
Candler Park,Grove Park,310.9018249511719,1020.0191433728028,86053
Candler Park,Inman Park,310.9018249511719,1020.0191433728028,86053
Candler Park,Kirkwood,310.9018249511719,1020.0191433728028,86053
Candler Park,Lakewood Heights,310.9018249511719,1020.0191433728028,86053
Candler Park,Midtown,310.9018249511719,1020.0191433728028,86053
Candler Park,Midwest Cascade,310.9018249511719,1020.0191433728028,86053
Candler Park,Morningside/Lenox Park,310.9018249511719,1020.0191433728028,86053
Candler Park,Mozley Park,310.9018249511719,1020.0191433728028,86053
Candler Park,North Buckhead,310.9018249511719,1020.0191433728028,86053
Candler Park,Oakland City,311.22882080078125,1021.0919644360351,18891
Candler Park,Old Fourth Ward,310.9018249511719,1020.0191433728028,86053
Candler Park,Paces,310.9018249511719,1020.0191433728028,86053
Candler Park,Peachtree Battle Alliance,310.9018249511719,1020.0191433728028,86053
Candler Park,Pittsburgh,310.9018249511719,1020.0191433728028,86053
Candler Park,South River Gardens,310.9018249511719,1020.0191433728028,86053
Candler Park,Summerhill,310.9018249511719,1020.0191433728028,86053
Candler Park,Sylvan Hills,310.9018249511719,1020.0191433728028,86053
Candler Park,Underwood Hills,310.9018249511719,1020.0191433728028,86053
Candler Park,Vine City,310.9018249511719,1020.0191433728028,86053
Candler Park,Virginia Highland,310.9018249511719,1020.0191433728028,86053
Candler Park,West End,317.1493225097656,1040.5161832629394,21037
Candler Park,West Highlands,310.9018249511719,1020.0191433728028,86053
Cascade Heights,Chastain Park,287.49505615234375,943.2252800268554,105690
Cascade Heights,Collier Heights,286.1761169433594,938.8980515124512,12941
Cascade Heights,Downtown,314.2170715332031,1030.8959369689942,74008
Cascade Heights,East Atlanta,315.900634765625,1036.4194385644532,46035
Cascade Heights,East Lake,310.2393493652344,1017.8456669714355,19180
Cascade Heights,Georgia Tech,286.1761169433594,938.8980515124512,12941
Cascade Heights,Grant Park,310.2393493652344,1017.8456669714355,19180
Cascade Heights,Greenbriar,293.3305358886719,962.3705553649902,2370
Cascade Heights,Grove Park,286.1761169433594,938.8980515124512,12941
Cascade Heights,Inman Park,302.4815979003906,992.3937256555175,83536
Cascade Heights,Kirkwood,310.2393493652344,1017.8456669714355,19180
Cascade Heights,Lakewood Heights,310.2393493652344,1017.8456669714355,19180
Cascade Heights,Midtown,287.49237060546875,943.216469177246,65997
Cascade Heights,Midwest Cascade,307.9335632324219,1010.2807515954589,165
Cascade Heights,Morningside/Lenox Park,286.1761169433594,938.8980515124512,12941
Cascade Heights,Mozley Park,310.1993713378906,1017.714505460205,48552
Cascade Heights,North Buckhead,287.49505615234375,943.2252800268554,105690
Cascade Heights,Oakland City,311.22882080078125,1021.0919644360351,18891
Cascade Heights,Old Fourth Ward,304.3576965332031,998.5489050939941,82444
Cascade Heights,Paces,286.1761169433594,938.8980515124512,12941
Cascade Heights,Peachtree Battle Alliance,286.1761169433594,938.8980515124512,12941
Cascade Heights,Pittsburgh,310.2393493652344,1017.8456669714355,19180
Cascade Heights,South River Gardens,310.2393493652344,1017.8456669714355,19180
Cascade Heights,Summerhill,310.2393493652344,1017.8456669714355,19180
Cascade Heights,Sylvan Hills,310.2393493652344,1017.8456669714355,19180
Cascade Heights,Underwood Hills,286.1761169433594,938.8980515124512,12941
Cascade Heights,Vine City,303.73321533203125,996.5000821899414,50830
Cascade Heights,Virginia Highland,296.31134033203125,972.1500978149414,88381
Cascade Heights,West End,317.1493225097656,1040.5161832629394,21037
Cascade Heights,West Highlands,286.1761169433594,938.8980515124512,12941
Chastain Park,Collier Heights,287.49505615234375,943.2252800268554,105690
Chastain Park,Downtown,314.2170715332031,1030.8959369689942,74008
Chastain Park,East Atlanta,315.900634765625,1036.4194385644532,46035
Chastain Park,East Lake,310.2393493652344,1017.8456669714355,19180
Chastain Park,Georgia Tech,287.49505615234375,943.2252800268554,105690
Chastain Park,Grant Park,310.2393493652344,1017.8456669714355,19180
Chastain Park,Greenbriar,293.3305358886719,962.3705553649902,2370
Chastain Park,Grove Park,287.49505615234375,943.2252800268554,105690
Chastain Park,Inman Park,302.4815979003906,992.3937256555175,83536
Chastain Park,Kirkwood,310.2393493652344,1017.8456669714355,19180
Chastain Park,Lakewood Heights,310.2393493652344,1017.8456669714355,19180
Chastain Park,Midtown,287.49505615234375,943.2252800268554,105690
Chastain Park,Midwest Cascade,307.9335632324219,1010.2807515954589,165
Chastain Park,Morningside/Lenox Park,287.49505615234375,943.2252800268554,105690
Chastain Park,Mozley Park,310.1993713378906,1017.714505460205,48552
Chastain Park,North Buckhead,285.5130310058594,936.7225726452637,115358
Chastain Park,Oakland City,311.22882080078125,1021.0919644360351,18891
Chastain Park,Old Fourth Ward,304.3576965332031,998.5489050939941,82444
Chastain Park,Paces,287.49505615234375,943.2252800268554,105690
Chastain Park,Peachtree Battle Alliance,287.49505615234375,943.2252800268554,105690
Chastain Park,Pittsburgh,310.2393493652344,1017.8456669714355,19180
Chastain Park,South River Gardens,310.2393493652344,1017.8456669714355,19180
Chastain Park,Summerhill,310.2393493652344,1017.8456669714355,19180
Chastain Park,Sylvan Hills,310.2393493652344,1017.8456669714355,19180
Chastain Park,Underwood Hills,287.49505615234375,943.2252800268554,105690
Chastain Park,Vine City,303.73321533203125,996.5000821899414,50830
Chastain Park,Virginia Highland,296.31134033203125,972.1500978149414,88381
Chastain Park,West End,317.1493225097656,1040.5161832629394,21037
Chastain Park,West Highlands,287.49505615234375,943.2252800268554,105690
Collier Heights,Downtown,314.2170715332031,1030.8959369689942,74008
Collier Heights,East Atlanta,315.900634765625,1036.4194385644532,46035
Collier Heights,East Lake,310.2393493652344,1017.8456669714355,19180
Collier Heights,Georgia Tech,284.1445617675781,932.232844029541,72840
Collier Heights,Grant Park,310.2393493652344,1017.8456669714355,19180
Collier Heights,Greenbriar,293.3305358886719,962.3705553649902,2370
Collier Heights,Grove Park,284.9098205566406,934.7435356750489,9743
Collier Heights,Inman Park,302.4815979003906,992.3937256555175,83536
Collier Heights,Kirkwood,310.2393493652344,1017.8456669714355,19180
Collier Heights,Lakewood Heights,310.2393493652344,1017.8456669714355,19180
Collier Heights,Midtown,287.49237060546875,943.216469177246,65997
Collier Heights,Midwest Cascade,307.9335632324219,1010.2807515954589,165
Collier Heights,Morningside/Lenox Park,280.69659423828125,920.9206142407227,8945
Collier Heights,Mozley Park,310.1993713378906,1017.714505460205,48552
Collier Heights,North Buckhead,287.49505615234375,943.2252800268554,105690
Collier Heights,Oakland City,311.22882080078125,1021.0919644360351,18891
Collier Heights,Old Fourth Ward,304.3576965332031,998.5489050939941,82444
Collier Heights,Paces,280.69659423828125,920.9206142407227,8945
Collier Heights,Peachtree Battle Alliance,280.69659423828125,920.9206142407227,8945
Collier Heights,Pittsburgh,310.2393493652344,1017.8456669714355,19180
Collier Heights,South River Gardens,310.2393493652344,1017.8456669714355,19180
Collier Heights,Summerhill,310.2393493652344,1017.8456669714355,19180
Collier Heights,Sylvan Hills,310.2393493652344,1017.8456669714355,19180
Collier Heights,Underwood Hills,281.9907531738281,925.1665426428223,55853
Collier Heights,Vine City,303.73321533203125,996.5000821899414,50830
Collier Heights,Virginia Highland,296.31134033203125,972.1500978149414,88381
Collier Heights,West End,317.1493225097656,1040.5161832629394,21037
Collier Heights,West Highlands,280.69659423828125,920.9206142407227,8945
Downtown,East Atlanta,315.900634765625,1036.4194385644532,46035
Downtown,East Lake,314.2170715332031,1030.8959369689942,74008
Downtown,Georgia Tech,314.2170715332031,1030.8959369689942,74008
Downtown,Grant Park,314.2170715332031,1030.8959369689942,74008
Downtown,Greenbriar,314.2170715332031,1030.8959369689942,74008
Downtown,Grove Park,314.2170715332031,1030.8959369689942,74008
Downtown,Inman Park,314.2170715332031,1030.8959369689942,74008
Downtown,Kirkwood,314.2170715332031,1030.8959369689942,74008
Downtown,Lakewood Heights,314.2170715332031,1030.8959369689942,74008
Downtown,Midtown,314.2170715332031,1030.8959369689942,74008
Downtown,Midwest Cascade,314.2170715332031,1030.8959369689942,74008
Downtown,Morningside/Lenox Park,314.2170715332031,1030.8959369689942,74008
Downtown,Mozley Park,314.2170715332031,1030.8959369689942,74008
Downtown,North Buckhead,314.2170715332031,1030.8959369689942,74008
Downtown,Oakland City,314.2170715332031,1030.8959369689942,74008
Downtown,Old Fourth Ward,314.2170715332031,1030.8959369689942,74008
Downtown,Paces,314.2170715332031,1030.8959369689942,74008
Downtown,Peachtree Battle Alliance,314.2170715332031,1030.8959369689942,74008
Downtown,Pittsburgh,314.2170715332031,1030.8959369689942,74008
Downtown,South River Gardens,314.2170715332031,1030.8959369689942,74008
Downtown,Summerhill,314.2170715332031,1030.8959369689942,74008
Downtown,Sylvan Hills,314.2170715332031,1030.8959369689942,74008
Downtown,Underwood Hills,314.2170715332031,1030.8959369689942,74008
Downtown,Vine City,314.2170715332031,1030.8959369689942,74008
Downtown,Virginia Highland,314.2170715332031,1030.8959369689942,74008
Downtown,West End,317.1493225097656,1040.5161832629394,21037
Downtown,West Highlands,314.2170715332031,1030.8959369689942,74008
East Atlanta,East Lake,315.900634765625,1036.4194385644532,46035
East Atlanta,Georgia Tech,315.900634765625,1036.4194385644532,46035
East Atlanta,Grant Park,315.900634765625,1036.4194385644532,46035
East Atlanta,Greenbriar,315.900634765625,1036.4194385644532,46035
East Atlanta,Grove Park,315.900634765625,1036.4194385644532,46035
East Atlanta,Inman Park,315.900634765625,1036.4194385644532,46035
East Atlanta,Kirkwood,315.900634765625,1036.4194385644532,46035
East Atlanta,Lakewood Heights,315.900634765625,1036.4194385644532,46035
East Atlanta,Midtown,315.900634765625,1036.4194385644532,46035
East Atlanta,Midwest Cascade,315.900634765625,1036.4194385644532,46035
East Atlanta,Morningside/Lenox Park,315.900634765625,1036.4194385644532,46035
East Atlanta,Mozley Park,315.900634765625,1036.4194385644532,46035
East Atlanta,North Buckhead,315.900634765625,1036.4194385644532,46035
East Atlanta,Oakland City,315.900634765625,1036.4194385644532,46035
East Atlanta,Old Fourth Ward,315.900634765625,1036.4194385644532,46035
East Atlanta,Paces,315.900634765625,1036.4194385644532,46035
East Atlanta,Peachtree Battle Alliance,315.900634765625,1036.4194385644532,46035
East Atlanta,Pittsburgh,315.900634765625,1036.4194385644532,46035
East Atlanta,South River Gardens,315.900634765625,1036.4194385644532,46035
East Atlanta,Summerhill,315.900634765625,1036.4194385644532,46035
East Atlanta,Sylvan Hills,315.900634765625,1036.4194385644532,46035
East Atlanta,Underwood Hills,315.900634765625,1036.4194385644532,46035
East Atlanta,Vine City,315.900634765625,1036.4194385644532,46035
East Atlanta,Virginia Highland,315.900634765625,1036.4194385644532,46035
East Atlanta,West End,317.1493225097656,1040.5161832629394,21037
East Atlanta,West Highlands,315.900634765625,1036.4194385644532,46035
East Lake,Georgia Tech,310.2393493652344,1017.8456669714355,19180
East Lake,Grant Park,309.8997497558594,1016.7314949890136,45710
East Lake,Greenbriar,310.2393493652344,1017.8456669714355,19180
East Lake,Grove Park,310.2393493652344,1017.8456669714355,19180
East Lake,Inman Park,310.2393493652344,1017.8456669714355,19180
East Lake,Kirkwood,308.54595947265625,1012.2899256762695,47743
East Lake,Lakewood Heights,309.8997497558594,1016.7314949890136,45710
East Lake,Midtown,310.2393493652344,1017.8456669714355,19180
East Lake,Midwest Cascade,310.2393493652344,1017.8456669714355,19180
East Lake,Morningside/Lenox Park,310.2393493652344,1017.8456669714355,19180
East Lake,Mozley Park,310.2393493652344,1017.8456669714355,19180
East Lake,North Buckhead,310.2393493652344,1017.8456669714355,19180
East Lake,Oakland City,311.22882080078125,1021.0919644360351,18891
East Lake,Old Fourth Ward,310.2393493652344,1017.8456669714355,19180
East Lake,Paces,310.2393493652344,1017.8456669714355,19180
East Lake,Peachtree Battle Alliance,310.2393493652344,1017.8456669714355,19180
East Lake,Pittsburgh,309.8997497558594,1016.7314949890136,45710
East Lake,South River Gardens,309.8997497558594,1016.7314949890136,45710
East Lake,Summerhill,309.8997497558594,1016.7314949890136,45710
East Lake,Sylvan Hills,309.8997497558594,1016.7314949890136,45710
East Lake,Underwood Hills,310.2393493652344,1017.8456669714355,19180
East Lake,Vine City,310.2393493652344,1017.8456669714355,19180
East Lake,Virginia Highland,310.2393493652344,1017.8456669714355,19180
East Lake,West End,317.1493225097656,1040.5161832629394,21037
East Lake,West Highlands,310.2393493652344,1017.8456669714355,19180
Georgia Tech,Grant Park,310.2393493652344,1017.8456669714355,19180
Georgia Tech,Greenbriar,293.3305358886719,962.3705553649902,2370
Georgia Tech,Grove Park,284.9098205566406,934.7435356750489,9743
Georgia Tech,Inman Park,302.4815979003906,992.3937256555175,83536
Georgia Tech,Kirkwood,310.2393493652344,1017.8456669714355,19180
Georgia Tech,Lakewood Heights,310.2393493652344,1017.8456669714355,19180
Georgia Tech,Midtown,287.49237060546875,943.216469177246,65997
Georgia Tech,Midwest Cascade,307.9335632324219,1010.2807515954589,165
Georgia Tech,Morningside/Lenox Park,284.1445617675781,932.232844029541,72840
Georgia Tech,Mozley Park,310.1993713378906,1017.714505460205,48552
Georgia Tech,North Buckhead,287.49505615234375,943.2252800268554,105690
Georgia Tech,Oakland City,311.22882080078125,1021.0919644360351,18891
Georgia Tech,Old Fourth Ward,304.3576965332031,998.5489050939941,82444
Georgia Tech,Paces,284.1445617675781,932.232844029541,72840
Georgia Tech,Peachtree Battle Alliance,284.1445617675781,932.232844029541,72840
Georgia Tech,Pittsburgh,310.2393493652344,1017.8456669714355,19180
Georgia Tech,South River Gardens,310.2393493652344,1017.8456669714355,19180
Georgia Tech,Summerhill,310.2393493652344,1017.8456669714355,19180
Georgia Tech,Sylvan Hills,310.2393493652344,1017.8456669714355,19180
Georgia Tech,Underwood Hills,284.1445617675781,932.232844029541,72840
Georgia Tech,Vine City,303.73321533203125,996.5000821899414,50830
Georgia Tech,Virginia Highland,296.31134033203125,972.1500978149414,88381
Georgia Tech,West End,317.1493225097656,1040.5161832629394,21037
Georgia Tech,West Highlands,284.1445617675781,932.232844029541,72840
Grant Park,Greenbriar,310.2393493652344,1017.8456669714355,19180
Grant Park,Grove Park,310.2393493652344,1017.8456669714355,19180
Grant Park,Inman Park,310.2393493652344,1017.8456669714355,19180
Grant Park,Kirkwood,309.8997497558594,1016.7314949890136,45710
Grant Park,Lakewood Heights,307.1726379394531,1007.7842774572754,41018
Grant Park,Midtown,310.2393493652344,1017.8456669714355,19180
Grant Park,Midwest Cascade,310.2393493652344,1017.8456669714355,19180
Grant Park,Morningside/Lenox Park,310.2393493652344,1017.8456669714355,19180
Grant Park,Mozley Park,310.2393493652344,1017.8456669714355,19180
Grant Park,North Buckhead,310.2393493652344,1017.8456669714355,19180
Grant Park,Oakland City,311.22882080078125,1021.0919644360351,18891
Grant Park,Old Fourth Ward,310.2393493652344,1017.8456669714355,19180
Grant Park,Paces,310.2393493652344,1017.8456669714355,19180
Grant Park,Peachtree Battle Alliance,310.2393493652344,1017.8456669714355,19180
Grant Park,Pittsburgh,307.1726379394531,1007.7842774572754,41018
Grant Park,South River Gardens,307.1726379394531,1007.7842774572754,41018
Grant Park,Summerhill,307.1726379394531,1007.7842774572754,41018
Grant Park,Sylvan Hills,307.1726379394531,1007.7842774572754,41018
Grant Park,Underwood Hills,310.2393493652344,1017.8456669714355,19180
Grant Park,Vine City,310.2393493652344,1017.8456669714355,19180
Grant Park,Virginia Highland,310.2393493652344,1017.8456669714355,19180
Grant Park,West End,317.1493225097656,1040.5161832629394,21037
Grant Park,West Highlands,310.2393493652344,1017.8456669714355,19180
Greenbriar,Grove Park,293.3305358886719,962.3705553649902,2370
Greenbriar,Inman Park,302.4815979003906,992.3937256555175,83536
Greenbriar,Kirkwood,310.2393493652344,1017.8456669714355,19180
Greenbriar,Lakewood Heights,310.2393493652344,1017.8456669714355,19180
Greenbriar,Midtown,293.3305358886719,962.3705553649902,2370
Greenbriar,Midwest Cascade,307.9335632324219,1010.2807515954589,165
Greenbriar,Morningside/Lenox Park,293.3305358886719,962.3705553649902,2370
Greenbriar,Mozley Park,310.1993713378906,1017.714505460205,48552
Greenbriar,North Buckhead,293.3305358886719,962.3705553649902,2370
Greenbriar,Oakland City,311.22882080078125,1021.0919644360351,18891
Greenbriar,Old Fourth Ward,304.3576965332031,998.5489050939941,82444
Greenbriar,Paces,293.3305358886719,962.3705553649902,2370
Greenbriar,Peachtree Battle Alliance,293.3305358886719,962.3705553649902,2370
Greenbriar,Pittsburgh,310.2393493652344,1017.8456669714355,19180
Greenbriar,South River Gardens,310.2393493652344,1017.8456669714355,19180
Greenbriar,Summerhill,310.2393493652344,1017.8456669714355,19180
Greenbriar,Sylvan Hills,310.2393493652344,1017.8456669714355,19180
Greenbriar,Underwood Hills,293.3305358886719,962.3705553649902,2370
Greenbriar,Vine City,303.73321533203125,996.5000821899414,50830
Greenbriar,Virginia Highland,296.31134033203125,972.1500978149414,88381
Greenbriar,West End,317.1493225097656,1040.5161832629394,21037
Greenbriar,West Highlands,293.3305358886719,962.3705553649902,2370
Grove Park,Inman Park,302.4815979003906,992.3937256555175,83536
Grove Park,Kirkwood,310.2393493652344,1017.8456669714355,19180
Grove Park,Lakewood Heights,310.2393493652344,1017.8456669714355,19180
Grove Park,Midtown,287.49237060546875,943.216469177246,65997
Grove Park,Midwest Cascade,307.9335632324219,1010.2807515954589,165
Grove Park,Morningside/Lenox Park,284.9098205566406,934.7435356750489,9743
Grove Park,Mozley Park,310.1993713378906,1017.714505460205,48552
Grove Park,North Buckhead,287.49505615234375,943.2252800268554,105690
Grove Park,Oakland City,311.22882080078125,1021.0919644360351,18891
Grove Park,Old Fourth Ward,304.3576965332031,998.5489050939941,82444
Grove Park,Paces,284.9098205566406,934.7435356750489,9743
Grove Park,Peachtree Battle Alliance,284.9098205566406,934.7435356750489,9743
Grove Park,Pittsburgh,310.2393493652344,1017.8456669714355,19180
Grove Park,South River Gardens,310.2393493652344,1017.8456669714355,19180
Grove Park,Summerhill,310.2393493652344,1017.8456669714355,19180
Grove Park,Sylvan Hills,310.2393493652344,1017.8456669714355,19180
Grove Park,Underwood Hills,284.9098205566406,934.7435356750489,9743
Grove Park,Vine City,303.73321533203125,996.5000821899414,50830
Grove Park,Virginia Highland,296.31134033203125,972.1500978149414,88381
Grove Park,West End,317.1493225097656,1040.5161832629394,21037
Grove Park,West Highlands,284.9098205566406,934.7435356750489,9743
Inman Park,Kirkwood,310.2393493652344,1017.8456669714355,19180
Inman Park,Lakewood Heights,310.2393493652344,1017.8456669714355,19180
Inman Park,Midtown,302.4815979003906,992.3937256555175,83536
Inman Park,Midwest Cascade,307.9335632324219,1010.2807515954589,165
Inman Park,Morningside/Lenox Park,302.4815979003906,992.3937256555175,83536
Inman Park,Mozley Park,310.1993713378906,1017.714505460205,48552
Inman Park,North Buckhead,302.4815979003906,992.3937256555175,83536
Inman Park,Oakland City,311.22882080078125,1021.0919644360351,18891
Inman Park,Old Fourth Ward,304.3576965332031,998.5489050939941,82444
Inman Park,Paces,302.4815979003906,992.3937256555175,83536
Inman Park,Peachtree Battle Alliance,302.4815979003906,992.3937256555175,83536
Inman Park,Pittsburgh,310.2393493652344,1017.8456669714355,19180
Inman Park,South River Gardens,310.2393493652344,1017.8456669714355,19180
Inman Park,Summerhill,310.2393493652344,1017.8456669714355,19180
Inman Park,Sylvan Hills,310.2393493652344,1017.8456669714355,19180
Inman Park,Underwood Hills,302.4815979003906,992.3937256555175,83536
Inman Park,Vine City,303.73321533203125,996.5000821899414,50830
Inman Park,Virginia Highland,302.4815979003906,992.3937256555175,83536
Inman Park,West End,317.1493225097656,1040.5161832629394,21037
Inman Park,West Highlands,302.4815979003906,992.3937256555175,83536
Kirkwood,Lakewood Heights,309.8997497558594,1016.7314949890136,45710
Kirkwood,Midtown,310.2393493652344,1017.8456669714355,19180
Kirkwood,Midwest Cascade,310.2393493652344,1017.8456669714355,19180
Kirkwood,Morningside/Lenox Park,310.2393493652344,1017.8456669714355,19180
Kirkwood,Mozley Park,310.2393493652344,1017.8456669714355,19180
Kirkwood,North Buckhead,310.2393493652344,1017.8456669714355,19180
Kirkwood,Oakland City,311.22882080078125,1021.0919644360351,18891
Kirkwood,Old Fourth Ward,310.2393493652344,1017.8456669714355,19180
Kirkwood,Paces,310.2393493652344,1017.8456669714355,19180
Kirkwood,Peachtree Battle Alliance,310.2393493652344,1017.8456669714355,19180
Kirkwood,Pittsburgh,309.8997497558594,1016.7314949890136,45710
Kirkwood,South River Gardens,309.8997497558594,1016.7314949890136,45710
Kirkwood,Summerhill,309.8997497558594,1016.7314949890136,45710
Kirkwood,Sylvan Hills,309.8997497558594,1016.7314949890136,45710
Kirkwood,Underwood Hills,310.2393493652344,1017.8456669714355,19180
Kirkwood,Vine City,310.2393493652344,1017.8456669714355,19180
Kirkwood,Virginia Highland,310.2393493652344,1017.8456669714355,19180
Kirkwood,West End,317.1493225097656,1040.5161832629394,21037
Kirkwood,West Highlands,310.2393493652344,1017.8456669714355,19180
Lakewood Heights,Midtown,310.2393493652344,1017.8456669714355,19180
Lakewood Heights,Midwest Cascade,310.2393493652344,1017.8456669714355,19180
Lakewood Heights,Morningside/Lenox Park,310.2393493652344,1017.8456669714355,19180
Lakewood Heights,Mozley Park,310.2393493652344,1017.8456669714355,19180
Lakewood Heights,North Buckhead,310.2393493652344,1017.8456669714355,19180
Lakewood Heights,Oakland City,311.22882080078125,1021.0919644360351,18891
Lakewood Heights,Old Fourth Ward,310.2393493652344,1017.8456669714355,19180
Lakewood Heights,Paces,310.2393493652344,1017.8456669714355,19180
Lakewood Heights,Peachtree Battle Alliance,310.2393493652344,1017.8456669714355,19180
Lakewood Heights,Pittsburgh,306.1311950683594,1004.3674700280761,30523
Lakewood Heights,South River Gardens,287.32879638671875,942.6798083374024,35186
Lakewood Heights,Summerhill,300.36077880859375,985.4356575463867,33515
Lakewood Heights,Sylvan Hills,296.8517150878906,973.9229809289551,23991
Lakewood Heights,Underwood Hills,310.2393493652344,1017.8456669714355,19180
Lakewood Heights,Vine City,310.2393493652344,1017.8456669714355,19180
Lakewood Heights,Virginia Highland,310.2393493652344,1017.8456669714355,19180
Lakewood Heights,West End,317.1493225097656,1040.5161832629394,21037
Lakewood Heights,West Highlands,310.2393493652344,1017.8456669714355,19180
Midtown,Midwest Cascade,307.9335632324219,1010.2807515954589,165
Midtown,Morningside/Lenox Park,287.49237060546875,943.216469177246,65997
Midtown,Mozley Park,310.1993713378906,1017.714505460205,48552
Midtown,North Buckhead,287.49505615234375,943.2252800268554,105690
Midtown,Oakland City,311.22882080078125,1021.0919644360351,18891
Midtown,Old Fourth Ward,304.3576965332031,998.5489050939941,82444
Midtown,Paces,287.49237060546875,943.216469177246,65997
Midtown,Peachtree Battle Alliance,287.49237060546875,943.216469177246,65997
Midtown,Pittsburgh,310.2393493652344,1017.8456669714355,19180
Midtown,South River Gardens,310.2393493652344,1017.8456669714355,19180
Midtown,Summerhill,310.2393493652344,1017.8456669714355,19180
Midtown,Sylvan Hills,310.2393493652344,1017.8456669714355,19180
Midtown,Underwood Hills,287.49237060546875,943.216469177246,65997
Midtown,Vine City,303.73321533203125,996.5000821899414,50830
Midtown,Virginia Highland,296.31134033203125,972.1500978149414,88381
Midtown,West End,317.1493225097656,1040.5161832629394,21037
Midtown,West Highlands,287.49237060546875,943.216469177246,65997
Midwest Cascade,Morningside/Lenox Park,307.9335632324219,1010.2807515954589,165
Midwest Cascade,Mozley Park,310.1993713378906,1017.714505460205,48552
Midwest Cascade,North Buckhead,307.9335632324219,1010.2807515954589,165
Midwest Cascade,Oakland City,311.22882080078125,1021.0919644360351,18891
Midwest Cascade,Old Fourth Ward,307.9335632324219,1010.2807515954589,165
Midwest Cascade,Paces,307.9335632324219,1010.2807515954589,165
Midwest Cascade,Peachtree Battle Alliance,307.9335632324219,1010.2807515954589,165
Midwest Cascade,Pittsburgh,310.2393493652344,1017.8456669714355,19180
Midwest Cascade,South River Gardens,310.2393493652344,1017.8456669714355,19180
Midwest Cascade,Summerhill,310.2393493652344,1017.8456669714355,19180
Midwest Cascade,Sylvan Hills,310.2393493652344,1017.8456669714355,19180
Midwest Cascade,Underwood Hills,307.9335632324219,1010.2807515954589,165
Midwest Cascade,Vine City,307.9335632324219,1010.2807515954589,165
Midwest Cascade,Virginia Highland,307.9335632324219,1010.2807515954589,165
Midwest Cascade,West End,317.1493225097656,1040.5161832629394,21037
Midwest Cascade,West Highlands,307.9335632324219,1010.2807515954589,165
Morningside/Lenox Park,Mozley Park,310.1993713378906,1017.714505460205,48552
Morningside/Lenox Park,North Buckhead,287.49505615234375,943.2252800268554,105690
Morningside/Lenox Park,Oakland City,311.22882080078125,1021.0919644360351,18891
Morningside/Lenox Park,Old Fourth Ward,304.3576965332031,998.5489050939941,82444
Morningside/Lenox Park,Paces,277.026123046875,908.8783855371094,102537
Morningside/Lenox Park,Peachtree Battle Alliance,276.17095947265625,906.0727306762695,91831
Morningside/Lenox Park,Pittsburgh,310.2393493652344,1017.8456669714355,19180
Morningside/Lenox Park,South River Gardens,310.2393493652344,1017.8456669714355,19180
Morningside/Lenox Park,Summerhill,310.2393493652344,1017.8456669714355,19180
Morningside/Lenox Park,Sylvan Hills,310.2393493652344,1017.8456669714355,19180
Morningside/Lenox Park,Underwood Hills,281.9907531738281,925.1665426428223,55853
Morningside/Lenox Park,Vine City,303.73321533203125,996.5000821899414,50830
Morningside/Lenox Park,Virginia Highland,296.31134033203125,972.1500978149414,88381
Morningside/Lenox Park,West End,317.1493225097656,1040.5161832629394,21037
Morningside/Lenox Park,West Highlands,276.17095947265625,906.0727306762695,91831
Mozley Park,North Buckhead,310.1993713378906,1017.714505460205,48552
Mozley Park,Oakland City,311.22882080078125,1021.0919644360351,18891
Mozley Park,Old Fourth Ward,310.1993713378906,1017.714505460205,48552
Mozley Park,Paces,310.1993713378906,1017.714505460205,48552
Mozley Park,Peachtree Battle Alliance,310.1993713378906,1017.714505460205,48552
Mozley Park,Pittsburgh,310.2393493652344,1017.8456669714355,19180
Mozley Park,South River Gardens,310.2393493652344,1017.8456669714355,19180
Mozley Park,Summerhill,310.2393493652344,1017.8456669714355,19180
Mozley Park,Sylvan Hills,310.2393493652344,1017.8456669714355,19180
Mozley Park,Underwood Hills,310.1993713378906,1017.714505460205,48552
Mozley Park,Vine City,310.1993713378906,1017.714505460205,48552
Mozley Park,Virginia Highland,310.1993713378906,1017.714505460205,48552
Mozley Park,West End,317.1493225097656,1040.5161832629394,21037
Mozley Park,West Highlands,310.1993713378906,1017.714505460205,48552
North Buckhead,Oakland City,311.22882080078125,1021.0919644360351,18891
North Buckhead,Old Fourth Ward,304.3576965332031,998.5489050939941,82444
North Buckhead,Paces,287.49505615234375,943.2252800268554,105690
North Buckhead,Peachtree Battle Alliance,287.49505615234375,943.2252800268554,105690
North Buckhead,Pittsburgh,310.2393493652344,1017.8456669714355,19180
North Buckhead,South River Gardens,310.2393493652344,1017.8456669714355,19180
North Buckhead,Summerhill,310.2393493652344,1017.8456669714355,19180
North Buckhead,Sylvan Hills,310.2393493652344,1017.8456669714355,19180
North Buckhead,Underwood Hills,287.49505615234375,943.2252800268554,105690
North Buckhead,Vine City,303.73321533203125,996.5000821899414,50830
North Buckhead,Virginia Highland,296.31134033203125,972.1500978149414,88381
North Buckhead,West End,317.1493225097656,1040.5161832629394,21037
North Buckhead,West Highlands,287.49505615234375,943.2252800268554,105690
Oakland City,Old Fourth Ward,311.22882080078125,1021.0919644360351,18891
Oakland City,Paces,311.22882080078125,1021.0919644360351,18891
Oakland City,Peachtree Battle Alliance,311.22882080078125,1021.0919644360351,18891
Oakland City,Pittsburgh,311.22882080078125,1021.0919644360351,18891
Oakland City,South River Gardens,311.22882080078125,1021.0919644360351,18891
Oakland City,Summerhill,311.22882080078125,1021.0919644360351,18891
Oakland City,Sylvan Hills,311.22882080078125,1021.0919644360351,18891
Oakland City,Underwood Hills,311.22882080078125,1021.0919644360351,18891
Oakland City,Vine City,311.22882080078125,1021.0919644360351,18891
Oakland City,Virginia Highland,311.22882080078125,1021.0919644360351,18891
Oakland City,West End,317.1493225097656,1040.5161832629394,21037
Oakland City,West Highlands,311.22882080078125,1021.0919644360351,18891
Old Fourth Ward,Paces,304.3576965332031,998.5489050939941,82444
Old Fourth Ward,Peachtree Battle Alliance,304.3576965332031,998.5489050939941,82444
Old Fourth Ward,Pittsburgh,310.2393493652344,1017.8456669714355,19180
Old Fourth Ward,South River Gardens,310.2393493652344,1017.8456669714355,19180
Old Fourth Ward,Summerhill,310.2393493652344,1017.8456669714355,19180
Old Fourth Ward,Sylvan Hills,310.2393493652344,1017.8456669714355,19180
Old Fourth Ward,Underwood Hills,304.3576965332031,998.5489050939941,82444
Old Fourth Ward,Vine City,304.3576965332031,998.5489050939941,82444
Old Fourth Ward,Virginia Highland,304.3576965332031,998.5489050939941,82444
Old Fourth Ward,West End,317.1493225097656,1040.5161832629394,21037
Old Fourth Ward,West Highlands,304.3576965332031,998.5489050939941,82444
Paces,Peachtree Battle Alliance,277.026123046875,908.8783855371094,102537
Paces,Pittsburgh,310.2393493652344,1017.8456669714355,19180
Paces,South River Gardens,310.2393493652344,1017.8456669714355,19180
Paces,Summerhill,310.2393493652344,1017.8456669714355,19180
Paces,Sylvan Hills,310.2393493652344,1017.8456669714355,19180
Paces,Underwood Hills,281.9907531738281,925.1665426428223,55853
Paces,Vine City,303.73321533203125,996.5000821899414,50830
Paces,Virginia Highland,296.31134033203125,972.1500978149414,88381
Paces,West End,317.1493225097656,1040.5161832629394,21037
Paces,West Highlands,277.026123046875,908.8783855371094,102537
Peachtree Battle Alliance,Pittsburgh,310.2393493652344,1017.8456669714355,19180
Peachtree Battle Alliance,South River Gardens,310.2393493652344,1017.8456669714355,19180
Peachtree Battle Alliance,Summerhill,310.2393493652344,1017.8456669714355,19180
Peachtree Battle Alliance,Sylvan Hills,310.2393493652344,1017.8456669714355,19180
Peachtree Battle Alliance,Underwood Hills,281.9907531738281,925.1665426428223,55853
Peachtree Battle Alliance,Vine City,303.73321533203125,996.5000821899414,50830
Peachtree Battle Alliance,Virginia Highland,296.31134033203125,972.1500978149414,88381
Peachtree Battle Alliance,West End,317.1493225097656,1040.5161832629394,21037
Peachtree Battle Alliance,West Highlands,272.6337890625,894.4678405078125,7409
Pittsburgh,South River Gardens,306.1311950683594,1004.3674700280761,30523
Pittsburgh,Summerhill,306.1311950683594,1004.3674700280761,30523
Pittsburgh,Sylvan Hills,306.1311950683594,1004.3674700280761,30523
Pittsburgh,Underwood Hills,310.2393493652344,1017.8456669714355,19180
Pittsburgh,Vine City,310.2393493652344,1017.8456669714355,19180
Pittsburgh,Virginia Highland,310.2393493652344,1017.8456669714355,19180
Pittsburgh,West End,317.1493225097656,1040.5161832629394,21037
Pittsburgh,West Highlands,310.2393493652344,1017.8456669714355,19180
South River Gardens,Summerhill,300.36077880859375,985.4356575463867,33515
South River Gardens,Sylvan Hills,296.8517150878906,973.9229809289551,23991
South River Gardens,Underwood Hills,310.2393493652344,1017.8456669714355,19180
South River Gardens,Vine City,310.2393493652344,1017.8456669714355,19180
South River Gardens,Virginia Highland,310.2393493652344,1017.8456669714355,19180
South River Gardens,West End,317.1493225097656,1040.5161832629394,21037
South River Gardens,West Highlands,310.2393493652344,1017.8456669714355,19180
Summerhill,Sylvan Hills,300.36077880859375,985.4356575463867,33515
Summerhill,Underwood Hills,310.2393493652344,1017.8456669714355,19180
Summerhill,Vine City,310.2393493652344,1017.8456669714355,19180
Summerhill,Virginia Highland,310.2393493652344,1017.8456669714355,19180
Summerhill,West End,317.1493225097656,1040.5161832629394,21037
Summerhill,West Highlands,310.2393493652344,1017.8456669714355,19180
Sylvan Hills,Underwood Hills,310.2393493652344,1017.8456669714355,19180
Sylvan Hills,Vine City,310.2393493652344,1017.8456669714355,19180
Sylvan Hills,Virginia Highland,310.2393493652344,1017.8456669714355,19180
Sylvan Hills,West End,317.1493225097656,1040.5161832629394,21037
Sylvan Hills,West Highlands,310.2393493652344,1017.8456669714355,19180
Underwood Hills,Vine City,303.73321533203125,996.5000821899414,50830
Underwood Hills,Virginia Highland,296.31134033203125,972.1500978149414,88381
Underwood Hills,West End,317.1493225097656,1040.5161832629394,21037
Underwood Hills,West Highlands,281.9907531738281,925.1665426428223,55853
Vine City,Virginia Highland,303.73321533203125,996.5000821899414,50830
Vine City,West End,317.1493225097656,1040.5161832629394,21037
Vine City,West Highlands,303.73321533203125,996.5000821899414,50830
Virginia Highland,West End,317.1493225097656,1040.5161832629394,21037
Virginia Highland,West Highlands,296.31134033203125,972.1500978149414,88381
West End,West Highlands,317.1493225097656,1040.5161832629394,21037
