edge_id,pairs_served,pass_elev_m,neighborhoods_separated,name,cls,length_m,max_abs_grade,elev_min,elev_max,pass_elev_ft,neighborhood
43479,119,77.69962310791016,Bayview; Castro/Upper Market; Chinatown; Downtown/Civic Center; Financial District; Golden Gate Park; Inner Richmond; Lakeshore; Marina; Mission; Noe Valley; North Beach; Outer Mission; Outer Richmond; Outer Sunset; Pacific Heights; Parkside; Potrero Hill; Presidio; Presidio Heights; Russian Hill; South of Market; Visitacion Valley; Western Addition,,service,42.1931561056519,0.046372363405866604,76.8048324584961,77.69962310791016,254.92003147735596,Golden Gate Park
10802,35,212.2454376220703,Bayview; Bernal Heights; Castro/Upper Market; Chinatown; Crocker Amazon; Diamond Heights; Downtown/Civic Center; Excelsior; Financial District; Glen Park; Golden Gate Park; Haight Ashbury; Inner Richmond; Inner Sunset; Lakeshore; Marina; Mission; Nob Hill; Noe Valley; North Beach; Ocean View; Outer Mission; Outer Richmond; Outer Sunset; Pacific Heights; Parkside; Potrero Hill; Presidio; Presidio Heights; Russian Hill; Seacliff; South of Market; Twin Peaks; Visitacion Valley; West of Twin Peaks; Western Addition,Lansdale Avenue,residential,90.98798044591742,0.1566046528300534,200.72442626953125,212.2454376220703,696.3433215679931,West of Twin Peaks
44317,34,193.4539794921875,Bayview; Bernal Heights; Castro/Upper Market; Chinatown; Crocker Amazon; Diamond Heights; Downtown/Civic Center; Excelsior; Financial District; Glen Park; Golden Gate Park; Haight Ashbury; Inner Richmond; Inner Sunset; Lakeshore; Marina; Mission; Nob Hill; Noe Valley; North Beach; Ocean View; Outer Mission; Outer Richmond; Outer Sunset; Pacific Heights; Parkside; Potrero Hill; Presidio; Presidio Heights; Russian Hill; Seacliff; South of Market; Twin Peaks; Visitacion Valley; Western Addition,Panorama Drive,tertiary,39.25397142955896,0.03760629173816273,192.0174102783203,193.4539794921875,634.6915540771485,Twin Peaks
9816,33,155.93820190429688,Bayview; Bernal Heights; Castro/Upper Market; Chinatown; Crocker Amazon; Diamond Heights; Downtown/Civic Center; Excelsior; Financial District; Glen Park; Golden Gate Park; Haight Ashbury; Inner Richmond; Inner Sunset; Lakeshore; Marina; Mission; Nob Hill; Noe Valley; North Beach; Ocean View; Outer Mission; Outer Richmond; Outer Sunset; Pacific Heights; Parkside; Potrero Hill; Presidio; Presidio Heights; Russian Hill; Seacliff; South of Market; Visitacion Valley; Western Addition,,footway,9.232649861167348,0.04933305857216122,155.5551300048828,155.93820190429688,511.60829033569337,Ocean View
14744,32,154.9229278564453,Bayview; Bernal Heights; Castro/Upper Market; Chinatown; Crocker Amazon; Diamond Heights; Downtown/Civic Center; Excelsior; Financial District; Glen Park; Golden Gate Park; Haight Ashbury; Inner Richmond; Inner Sunset; Lakeshore; Marina; Mission; Nob Hill; Noe Valley; North Beach; Outer Mission; Outer Richmond; Outer Sunset; Pacific Heights; Parkside; Potrero Hill; Presidio; Presidio Heights; Russian Hill; Seacliff; South of Market; Visitacion Valley; Western Addition,Turquoise Way,residential,369.13697572456914,0.17694759510088218,138.77243041992188,154.9229278564453,508.27733862854,Diamond Heights
17476,31,148.51309204101562,Bayview; Bernal Heights; Castro/Upper Market; Chinatown; Crocker Amazon; Downtown/Civic Center; Excelsior; Financial District; Glen Park; Golden Gate Park; Haight Ashbury; Inner Richmond; Inner Sunset; Lakeshore; Marina; Mission; Nob Hill; Noe Valley; North Beach; Outer Mission; Outer Richmond; Outer Sunset; Pacific Heights; Parkside; Potrero Hill; Presidio; Presidio Heights; Russian Hill; Seacliff; South of Market; Visitacion Valley; Western Addition,Everson Street,residential,14.729944223202873,0.03804766796627127,148.07064819335938,148.51309204101562,487.2476928918457,Glen Park
41793,30,117.30906677246094,Bayview; Bernal Heights; Castro/Upper Market; Chinatown; Crocker Amazon; Downtown/Civic Center; Excelsior; Financial District; Golden Gate Park; Haight Ashbury; Inner Richmond; Inner Sunset; Lakeshore; Marina; Mission; Nob Hill; Noe Valley; North Beach; Outer Mission; Outer Richmond; Outer Sunset; Pacific Heights; Parkside; Potrero Hill; Presidio; Presidio Heights; Russian Hill; Seacliff; South of Market; Visitacion Valley; Western Addition,,footway,9.76842132413185,0.008316368789717631,117.25690460205078,117.30906677246094,384.87227862976073,Inner Sunset
19171,29,112.73072052001953,Bayview; Bernal Heights; Castro/Upper Market; Chinatown; Crocker Amazon; Downtown/Civic Center; Excelsior; Financial District; Golden Gate Park; Haight Ashbury; Inner Richmond; Lakeshore; Marina; Mission; Nob Hill; Noe Valley; North Beach; Outer Mission; Outer Richmond; Outer Sunset; Pacific Heights; Parkside; Potrero Hill; Presidio; Presidio Heights; Russian Hill; Seacliff; South of Market; Visitacion Valley; Western Addition,,footway,20.859300279085275,0.09685743232616575,111.6555404663086,112.73072052001953,369.85145711090087,Excelsior
66097,28,101.30111694335938,Bayview; Bernal Heights; Castro/Upper Market; Chinatown; Crocker Amazon; Downtown/Civic Center; Financial District; Golden Gate Park; Haight Ashbury; Inner Richmond; Lakeshore; Marina; Mission; Nob Hill; Noe Valley; North Beach; Outer Mission; Outer Richmond; Outer Sunset; Pacific Heights; Parkside; Potrero Hill; Presidio; Presidio Heights; Russian Hill; Seacliff; South of Market; Visitacion Valley; Western Addition,Clay Street,tertiary,7.5101861228801985,0.07261053046215486,100.80975341796875,101.30111694335938,332.35275651245115,Nob Hill
28678,27,99.93572235107422,Bayview; Bernal Heights; Castro/Upper Market; Chinatown; Crocker Amazon; Downtown/Civic Center; Financial District; Golden Gate Park; Haight Ashbury; Inner Richmond; Lakeshore; Marina; Mission; Noe Valley; North Beach; Outer Mission; Outer Richmond; Outer Sunset; Pacific Heights; Parkside; Potrero Hill; Presidio; Presidio Heights; Russian Hill; Seacliff; South of Market; Visitacion Valley; Western Addition,Clement Street,residential,10.69011223144098,0.009146613175822603,99.85103607177734,99.93572235107422,327.87311531829835,Seacliff
15961,26,95.0343017578125,Bayview; Bernal Heights; Castro/Upper Market; Chinatown; Crocker Amazon; Downtown/Civic Center; Financial District; Golden Gate Park; Haight Ashbury; Inner Richmond; Lakeshore; Marina; Mission; Noe Valley; North Beach; Outer Mission; Outer Richmond; Outer Sunset; Pacific Heights; Parkside; Potrero Hill; Presidio; Presidio Heights; Russian Hill; South of Market; Visitacion Valley; Western Addition,Munich Street,residential,153.72801159773888,0.023960663526066874,92.60762786865234,95.0343017578125,311.79233857910157,Crocker Amazon
45198,25,89.87631225585938,Bayview; Bernal Heights; Castro/Upper Market; Chinatown; Downtown/Civic Center; Financial District; Golden Gate Park; Haight Ashbury; Inner Richmond; Lakeshore; Marina; Mission; Noe Valley; North Beach; Outer Mission; Outer Richmond; Outer Sunset; Pacific Heights; Parkside; Potrero Hill; Presidio; Presidio Heights; Russian Hill; South of Market; Visitacion Valley; Western Addition,Waller Street,residential,64.28357676071029,0.01791597911859616,88.93937683105469,89.87631225585938,294.8698003015137,Haight Ashbury
20055,24,81.24977111816406,Bayview; Bernal Heights; Castro/Upper Market; Chinatown; Downtown/Civic Center; Financial District; Golden Gate Park; Inner Richmond; Lakeshore; Marina; Mission; Noe Valley; North Beach; Outer Mission; Outer Richmond; Outer Sunset; Pacific Heights; Parkside; Potrero Hill; Presidio; Presidio Heights; Russian Hill; South of Market; Visitacion Valley; Western Addition,Eugenia Avenue,residential,54.9417901537905,0.04423322570851942,79.39653778076172,81.24977111816406,266.56749907531736,Bernal Heights
50152,16,75.24993896484375,Bayview; Castro/Upper Market; Chinatown; Downtown/Civic Center; Financial District; Marina; Mission; Noe Valley; North Beach; Outer Mission; Pacific Heights; Potrero Hill; Presidio; Russian Hill; South of Market; Visitacion Valley; Western Addition,Fillmore Street,tertiary,8.239489373611443,0.03672521748651665,74.9832763671875,75.24993896484375,246.88300975341798,Pacific Heights
38237,15,72.78359985351562,Bayview; Castro/Upper Market; Chinatown; Downtown/Civic Center; Financial District; Marina; Mission; Noe Valley; North Beach; Outer Mission; Potrero Hill; Presidio; Russian Hill; South of Market; Visitacion Valley; Western Addition,Main Drive,unclassified,123.8184794782309,0.15186040842451132,58.93540573120117,72.78359985351562,238.79134574340821,Presidio
53349,14,66.79730224609375,Bayview; Castro/Upper Market; Chinatown; Downtown/Civic Center; Financial District; Marina; Mission; Noe Valley; North Beach; Outer Mission; Potrero Hill; Russian Hill; South of Market; Visitacion Valley; Western Addition,Castro Street,tertiary,8.601266985515341,0.018320268071628575,66.66268920898438,66.79730224609375,219.15126110107423,Noe Valley
65861,13,59.13551330566406,Bayview; Castro/Upper Market; Chinatown; Downtown/Civic Center; Financial District; Marina; Mission; North Beach; Outer Mission; Potrero Hill; Russian Hill; South of Market; Visitacion Valley; Western Addition,Leavenworth Street,residential,9.006838654468293,0.00548052249200713,59.11083221435547,59.13551330566406,194.0141574737549,Russian Hill
14304,12,57.77450180053711,Bayview; Castro/Upper Market; Chinatown; Downtown/Civic Center; Financial District; Marina; Mission; North Beach; Outer Mission; Potrero Hill; South of Market; Visitacion Valley; Western Addition,San Jose Avenue,secondary,160.92690959350028,0.01763738653466462,55.06144714355469,57.77450180053711,189.54889648727416,Outer Mission
20840,11,55.93831253051758,Bayview; Castro/Upper Market; Chinatown; Downtown/Civic Center; Financial District; Marina; Mission; North Beach; Potrero Hill; South of Market; Visitacion Valley; Western Addition,Raymond Avenue,residential,106.25174784013825,0.11056374239074544,48.926239013671875,55.93831253051758,183.5246532826233,Visitacion Valley
51185,10,45.9276123046875,Bayview; Castro/Upper Market; Chinatown; Downtown/Civic Center; Financial District; Marina; Mission; North Beach; Potrero Hill; South of Market; Western Addition,Market Street,primary,12.220462122231021,0.014263369450627094,45.76498794555664,45.9276123046875,150.68114755371093,Castro/Upper Market
69859,9,41.76784896850586,Bayview; Chinatown; Downtown/Civic Center; Financial District; Marina; Mission; North Beach; Potrero Hill; South of Market; Western Addition,Grant Avenue,residential,43.43505977888627,0.12657670546612307,37.25870895385742,41.76784896850586,137.03362960983276,North Beach
55000,8,33.91920471191406,Bayview; Chinatown; Downtown/Civic Center; Financial District; Marina; Mission; Potrero Hill; South of Market; Western Addition,Turk Street,secondary,8.036454059858073,0.005740709469381914,33.87749099731445,33.91920471191406,111.28348358703613,Western Addition
73427,7,30.168310165405273,Bayview; Chinatown; Downtown/Civic Center; Financial District; Marina; Mission; Potrero Hill; South of Market,Clay Street,tertiary,41.93625192997136,0.12901501301441742,26.0057373046875,30.168310165405273,98.97739872306823,Chinatown
46889,6,76.05317687988281,Golden Gate Park; Inner Richmond; Lakeshore; Outer Richmond; Outer Sunset; Parkside; Presidio Heights,,footway,7.879068627310333,0.01685056015318691,75.93207550048828,76.05317687988281,249.51830483459472,Presidio Heights
25387,6,29.66531753540039,Bayview; Downtown/Civic Center; Financial District; Marina; Mission; Potrero Hill; South of Market,Lane Street,residential,9.14608463367828,0.051751940619569746,29.196582794189453,29.66531753540039,97.32716038284302,Bayview
69484,5,24.648279190063477,Downtown/Civic Center; Financial District; Marina; Mission; Potrero Hill; South of Market,McDowell Road Southwest,cycleway,56.51372276555837,0.05664442664234493,23.840007781982422,24.648279190063477,80.86706029792785,Marina
29077,5,73.7134017944336,Golden Gate Park; Inner Richmond; Lakeshore; Outer Richmond; Outer Sunset; Parkside,33rd Avenue,residential,9.957622554134348,0.015302273926180244,73.5694351196289,73.7134017944336,241.84187714324952,Outer Richmond
32794,4,71.68080139160156,Golden Gate Park; Inner Richmond; Lakeshore; Outer Sunset; Parkside,Transverse Drive,unclassified,55.29476037351234,0.04654730293290395,69.66305541992188,71.68080139160156,235.17324043762207,Golden Gate Park
66258,4,22.190353393554688,Downtown/Civic Center; Financial District; Mission; Potrero Hill; South of Market,Hyde Street,tertiary,21.395257392236665,0.022488525233565503,21.874000549316406,22.190353393554688,72.80299902770996,Downtown/Civic Center
78713,3,15.860441207885742,Financial District; Mission; Potrero Hill; South of Market,Mississippi Street,residential,9.077149047679015,0.014478969027475181,15.776854515075684,15.860441207885742,52.03556993247986,Potrero Hill
30260,3,66.67698669433594,Inner Richmond; Lakeshore; Outer Sunset; Parkside,Moraga Street,residential,9.546291147925581,0.07213098246036069,66.01590728759766,66.67698669433594,218.75652502624513,Outer Sunset
2457,2,60.39392852783203,Inner Richmond; Lakeshore; Parkside,Ulloa Street,residential,9.70718982450393,0.030377082554339314,60.109466552734375,60.39392852783203,198.14281647125244,Parkside
61579,2,13.389799118041992,Financial District; Mission; South of Market,20th Street,residential,8.365191768188845,0.007820520435467482,13.329900741577148,13.389799118041992,43.92978853843689,Mission
34362,1,56.5627555847168,Inner Richmond; Lakeshore,24th Avenue,residential,9.10218411316476,0.03526700454259135,56.257171630859375,56.5627555847168,185.57335103256224,Outer Richmond
70905,1,4.759614944458008,Financial District; South of Market,,footway,2.9423608973008233,0.011652717136060836,4.734362602233887,4.759614944458008,15.61553509437561,Financial District
