tag,balanced_detour_pct,balanced_gain_saved_pct,balanced_gain_ft,balanced_max_grade_pct,balanced_dist_mi,grade_averse_detour_pct,grade_averse_gain_saved_pct,grade_averse_gain_ft,grade_averse_max_grade_pct,grade_averse_dist_mi,min_climb_detour_pct,min_climb_gain_saved_pct,min_climb_gain_ft,min_climb_max_grade_pct,min_climb_dist_mi,shortest_detour_pct,shortest_gain_saved_pct,shortest_gain_ft,shortest_max_grade_pct,shortest_dist_mi,network_gain_per_km,grade_Filbert Street,grade_Jones Street,grade_22nd Street,grade_Bradford Street,gainkm_The Embarcadero,gainkm_Valencia Street,gainkm_Market Street,corridor_count,top_corridor_km,top_pass_ft,top_pass_pairs,top_pass_nbhd,n_passes,wiggle_excess_flat_m,wiggle_excess_shortest_m,wiggle_discovered,dem_rms_m,change,edge_overlap_pct,lead_streets_shared,lead_streets_new,top_corridor
baseline,19.180352557906154,33.37427474414106,308.8262742437798,12.797531848542556,4.644192819651834,47.99536026288118,29.816479204152653,324.6654287060836,10.786412227922051,5.642469525471264,14.14846158398757,39.4497100355166,281.0253519554757,17.15541708673316,4.563052995518475,0.0,0.0,484.0928138579216,27.274986781328277,3.9589844877766613,21.291715162491755,32.93923469112886,31.072791463366258,32.575287940243044,33.05656612820829,1.0709259981987322,6.0085832174594795,13.781126099222986,53,6.877792465276181,254.92003147735596,119,Golden Gate Park,35,5.9499359130859375,19.23825454711914,True,0.6773587591716098,the configuration used for every published figure,100.0,12,,Valencia Street - Guerrero Street - Market Street - 16th Street
spacing_2.5m,19.18567871281165,33.543550031462445,308.19586144376905,12.119880577371232,4.6429784313941145,48.157101742168116,29.919152859327443,324.958511866686,10.310904837352073,5.643208797775718,14.405907758184755,39.62154778599885,280.5396726178021,15.975545530665865,4.572413155324383,0.0,0.0,484.4567480837106,26.304271474428,3.9589844877766613,21.329654073421047,33.057245930762576,31.44449693696426,32.426623334945745,32.339850214308385,1.0802297178727145,5.988268017954289,13.783048609872358,52,7.404124000270727,254.91139584350586,119,Golden Gate Park,35,5.955661773681641,19.249237060546875,True,0.6773587591716098,denser DEM sampling,90.02097503873593,11,24th Street,Valencia Street - Market Street - Mission Street - Guerrero Street
spacing_10m,19.547321263005625,33.45818598488865,311.0804093140616,13.800576313017032,4.651183510643947,48.13976392701449,29.838580738412674,328.1184549514217,10.757305101294465,5.6520872218852976,14.48157126762566,39.36141332839729,283.606284517206,16.36881152683494,4.57625147256839,0.0,0.0,488.6952151861706,26.8883687077519,3.9589844877766613,21.421457945946223,32.1983963269306,29.97038361665785,32.265322006532095,33.326915253127574,1.0333266962649759,6.1480437001718125,13.843081893817928,53,10.471701201966884,254.93525021759032,119,Golden Gate Park,35,5.985481262207031,19.2335205078125,True,0.6773587591716098,coarser DEM sampling,81.55757734060306,9,California Street; Geary Boulevard; Hyde Street,Valencia Street - Market Street - Mission Street - Kearny Street
window_12.5m,19.41091706849849,33.17482048155896,310.60837523763445,12.474922968634859,4.644870605528754,48.2615235254199,29.945729278107976,325.76996606222735,10.20015007784751,5.655212786646985,14.54347186266125,39.33670414165953,282.55502324285163,15.105909688078906,4.579832314338947,0.0,0.0,485.9703274959091,27.227802998434825,3.9589844877766613,21.46909416784663,31.68657566808209,29.470380466689726,31.682363227378197,36.73820311884171,1.0807166379900437,6.109561615923343,13.928292465645976,53,6.261638968465212,254.9501435571289,119,Golden Gate Park,35,5.619625091552734,18.95914077758789,True,0.6773587591716098,half the profile smoothing,78.11477476374885,11,Market Street,Valencia Street - Mission Street - Guerrero Street - 16th Street
window_50m,18.752397677769483,33.50447825393539,310.1624471844425,12.725228179594298,4.629458551587709,48.0055292860274,29.371622549552903,327.6148821050611,10.791239238537354,5.626029264444381,14.244084807762203,39.608485443402735,281.79331449150845,17.609777895583623,4.562374742357222,0.0,0.0,486.14811728357927,27.77131445577871,3.9589844877766613,21.23395341312169,33.317994120762116,33.0730294736007,33.86686568461934,29.35715718705913,1.1210628263246003,6.030735891493332,13.77793294062966,52,7.242808733550726,254.91602654571534,119,Golden Gate Park,35,5.830112457275391,18.780681610107422,True,0.6773587591716098,double the profile smoothing,70.95305665918397,9,Market Street; Oak Street Cyclepath; Onondaga Avenue,Valencia Street - Mission Street - Guerrero Street - 16th Street
deadband_0.25m,19.180889278681622,33.33771657714698,309.19169162403824,12.757285087143186,4.644140958574977,47.99452058556397,29.752812221939934,325.1698444073553,10.786412227922051,5.6424268796824615,14.075131313346457,39.38186592293565,281.5964718040065,17.07188472228925,4.559398700130083,0.0,0.0,484.46029747672605,27.274986781328277,3.9589844877766613,21.332614361284268,32.93923469112886,31.072791463366258,32.575287940243044,33.05656612820829,1.3498141931726424,6.0085832174594795,13.788359949084754,52,6.877792465276181,254.92003147735596,119,Golden Gate Park,35,5.9499359130859375,19.23825454711914,True,0.6773587591716098,half the dead-band,97.73355299331897,11,Greenwich Street,Valencia Street - Guerrero Street - Market Street - 16th Street
deadband_1m,19.122594102412616,33.36553870619875,308.58092955141313,12.89271009739868,4.641838413876238,47.995364724977364,29.86543763545127,324.22582856159505,10.786412227922051,5.642469759245777,14.22686149021748,39.54533178269308,280.4905193341474,17.10579094079111,4.565690648734192,0.0,0.0,483.79514663084757,27.274986781328277,3.9589844877766613,21.226589593725482,32.93923469112886,31.072791463366258,32.575287940243044,33.05656612820829,1.0709259981987322,6.0085832174594795,13.781126099222986,53,6.877792465276181,254.92003147735596,119,Golden Gate Park,35,5.9499359130859375,19.23825454711914,True,0.6773587591716098,double the dead-band,98.81774604294554,12,,Valencia Street - Guerrero Street - Market Street - 16th Street
sigma_0m,19.532478401326504,33.57974039106401,308.8250984121897,12.858008224105784,4.655716939705436,48.89486020869136,30.118482097732176,324.68425369133456,11.306206064166846,5.680716024346481,14.18225289242072,39.58713858778805,281.39605112490506,17.12584015090638,4.5612755913462655,0.0,0.0,485.31858476906353,28.21905154112819,3.9589844877766613,21.461713588917604,33.28060182486936,31.576817803165536,32.93315020231898,32.43830567887983,1.0139049761520804,6.0515086376823275,13.983763679316846,52,6.7369704913642074,254.8190571383667,119,Golden Gate Park,35,6.01788330078125,19.531471252441406,True,0.6773587591716098,no spatial pre-filter on the DEM,80.72284830222983,9,23rd Street; 24th Street; Divisadero Street,Valencia Street - Guerrero Street - 16th Street - 19th Street
sigma_6m,18.846867844652703,33.544939493059985,306.96443857409093,12.402568148945964,4.634144061921314,48.10643050706449,30.238749412567035,322.05716573209077,10.734836191419967,5.645994547894086,13.986040488746898,39.26632197742856,280.73971760051916,16.911528666415983,4.5542318742142065,0.0,0.0,482.4151363852473,26.01173895167641,3.9589844877766613,21.15052902336012,32.368833380201266,30.73246885165901,31.90650013122958,34.51963028404103,0.9465230480500354,6.012498346839742,13.704515367068709,58,7.375157089438881,254.98516167816163,119,Golden Gate Park,35,5.091281890869141,18.287120819091797,True,0.6773587591716098,double the spatial pre-filter,79.63455530587594,8,Alabama Street; Greenwich Street; Market Street; Steiner Street,Valencia Street - Mission Street - Market Street - Dolores Street
point_rank_1,18.889053868450524,33.90884159668345,305.3756514258228,12.807768371398975,4.619039715113961,47.27474380239993,31.074335094799007,318.95526174209783,10.60420268454034,5.594144356039734,13.944250452103013,40.16273748594806,276.81482895127357,17.189995336238827,4.544403318773847,0.0,0.0,484.2843205737092,27.391415556278552,3.949188226052401,21.291715162491755,32.93923469112886,31.072791463366258,32.575287940243044,33.05656612820829,1.0709259981987322,6.0085832174594795,13.781126099222986,45,7.059064007702046,254.92003147735596,119,Golden Gate Park,35,5.9499359130859375,19.23825454711914,True,0.6773587591716098,second-nearest access intersection,86.08475841245136,10,Divisadero Street; Oakdale Avenue,Valencia Street - Market Street - Guerrero Street - 16th Street
point_rank_2,18.664687795505785,34.458946981482946,299.283847254323,12.15069069695339,4.631518586793815,47.06972795566882,30.723549188057458,316.04924408773167,10.042879358305285,5.575199610539757,13.82885659507236,40.412193569973404,273.45412660148156,16.70965334020975,4.5498175850892615,0.0,0.0,476.62543303275146,26.71462745607019,3.9598680265528317,21.291715162491755,32.93923469112886,31.072791463366258,32.575287940243044,33.05656612820829,1.0709259981987322,6.0085832174594795,13.781126099222986,49,7.075363359960619,254.92003147735596,112,Golden Gate Park,35,5.9499359130859375,19.23825454711914,True,0.6773587591716098,third-nearest access intersection,74.69236907391674,11,Divisadero Street,Valencia Street - Guerrero Street - Market Street - 16th Street
